date,open,high,low,close,volume,amount,raw_open,raw_high,raw_low,raw_close,tradable,name,provisional
2025-12-30,265.6,276.82,220.23,226.01,180690.46,4083785086.46,265.6,276.82,220.23,226.01,True,强一股份,False
2025-12-31,240.0,276.57,235.03,256.8,138074.98,3545765486.4000006,240.0,276.57,235.03,256.8,True,强一股份,False
2026-01-05,275.0,308.0,275.0,283.0,103204.35,2920683105.0,275.0,308.0,275.0,283.0,True,强一股份,False
2026-01-06,275.0,298.81,275.0,293.0,78393.58,2296931894.0,275.0,298.81,275.0,293.0,True,强一股份,False
2026-01-07,315.0,349.73,315.0,329.77,77334.99,2550275965.23,315.0,349.73,315.0,329.77,True,强一股份,False
2026-01-08,320.68,348.5,313.88,323.0,75355.77,2433991371.0,320.68,348.5,313.88,323.0,True,强一股份,False
2026-01-09,310.2,386.0,301.2,367.0,95148.09,3491934903.0,310.2,386.0,301.2,367.0,True,强一股份,False
2026-01-12,370.0,372.5,340.13,356.0,56723.58,2019359448.0,370.0,372.5,340.13,356.0,True,强一股份,False
2026-01-13,350.12,383.2,350.0,361.0,53404.27,1927894147.0,350.12,383.2,350.0,361.0,True,强一股份,False
2026-01-14,361.01,398.88,360.0,368.0,52149.87,1919115216.0,361.01,398.88,360.0,368.0,True,强一股份,False
2026-01-15,366.99,396.0,352.6,388.9,46031.0,1790145590.0,366.99,396.0,352.6,388.9,True,强一股份,False
2026-01-16,394.99,407.77,379.0,385.0,43406.08,1671134080.0,394.99,407.77,379.0,385.0,True,强一股份,False
2026-01-19,382.0,392.85,368.39,370.57,36635.81,1357613211.17,382.0,392.85,368.39,370.57,True,强一股份,False
2026-01-20,369.0,390.0,365.0,373.0,40707.99,1518408027.0,369.0,390.0,365.0,373.0,True,强一股份,False
2026-01-21,375.99,393.99,353.56,362.78,44093.67,1599630160.26,375.99,393.99,353.56,362.78,True,强一股份,False
2026-01-22,368.83,371.83,338.88,345.01,43882.16,1513978402.1599998,368.83,371.83,338.88,345.01,True,强一股份,False
2026-01-23,342.02,357.29,338.99,353.0,31254.85,1103296205.0,342.02,357.29,338.99,353.0,True,强一股份,False
2026-01-26,351.0,362.0,337.0,344.0,23515.74,808941456.0,351.0,362.0,337.0,344.0,True,强一股份,False
2026-01-27,342.34,377.0,342.34,362.02,45647.17,1652518848.34,342.34,377.0,342.34,362.02,True,强一股份,False
2026-01-28,363.2,370.0,332.07,347.0,50036.12,1736253364.0,363.2,370.0,332.07,347.0,True,强一股份,False
2026-01-29,341.0,342.99,316.0,317.3,39168.72,1242823485.6,341.0,342.99,316.0,317.3,True,强一股份,False
2026-01-30,315.2,324.8,313.5,321.0,29209.0,937608900.0,315.2,324.8,313.5,321.0,True,强一股份,False
2026-02-02,315.0,321.9,307.02,309.67,21331.78,660581231.26,315.0,321.9,307.02,309.67,True,强一股份,False
2026-02-03,327.98,355.77,327.95,353.17,62003.19,2189766661.23,327.98,355.77,327.95,353.17,True,强一股份,False
2026-02-04,345.0,348.99,331.0,337.25,25466.29,858850630.25,345.0,348.99,331.0,337.25,True,强一股份,False
2026-02-05,326.01,348.78,323.8,336.7,32604.48,1097792841.6,326.01,348.78,323.8,336.7,True,强一股份,False
2026-02-06,334.0,346.68,324.86,324.86,30397.87,987505204.82,334.0,346.68,324.86,324.86,True,强一股份,False
2026-02-09,332.01,345.7,331.01,337.62,22222.75,750284485.5,332.01,345.7,331.01,337.62,True,强一股份,False
2026-02-10,336.99,340.0,328.3,335.0,14146.55,473909425.0,336.99,340.0,328.3,335.0,True,强一股份,False
2026-02-11,332.2,336.98,323.08,325.5,15090.05,491181127.5,332.2,336.98,323.08,325.5,True,强一股份,False
2026-02-12,327.44,335.81,322.22,328.29,19259.14,632258307.0600001,327.44,335.81,322.22,328.29,True,强一股份,False
2026-02-13,325.0,352.0,322.01,343.0,28722.71,985188953.0,325.0,352.0,322.01,343.0,True,强一股份,False
2026-02-24,349.97,349.97,337.94,340.25,21616.91,735515362.75,349.97,349.97,337.94,340.25,True,强一股份,False
2026-02-25,341.99,370.0,336.12,357.5,35481.14,1268450755.0,341.99,370.0,336.12,357.5,True,强一股份,False
2026-02-26,354.94,377.0,347.0,370.11,25373.57,939101199.27,354.94,377.0,347.0,370.11,True,强一股份,False
2026-02-27,365.0,379.0,361.85,370.5,17306.99,641223979.5000001,365.0,379.0,361.85,370.5,True,强一股份,False
2026-03-02,361.0,373.73,350.33,353.98,23090.69,817364244.62,361.0,373.73,350.33,353.98,True,强一股份,False
2026-03-03,354.0,366.6,324.01,324.63,26676.93,866013178.59,354.0,366.6,324.01,324.63,True,强一股份,False
2026-03-04,320.2,338.88,320.02,330.08,16925.81,558687136.48,320.2,338.88,320.02,330.08,True,强一股份,False
2026-03-05,373.11,396.1,367.0,387.9,54641.83,2119556585.7,373.11,396.1,367.0,387.9,True,强一股份,False
2026-03-06,378.0,387.71,370.41,376.09,31180.68,1172674194.12,378.0,387.71,370.41,376.09,True,强一股份,False
2026-03-09,360.11,367.95,341.0,354.65,28142.15,998061349.75,360.11,367.95,341.0,354.65,True,强一股份,False
2026-03-10,363.0,381.98,360.0,368.49,25765.95,949449491.55,363.0,381.98,360.0,368.49,True,强一股份,False
2026-03-11,364.0,376.66,354.36,355.0,21484.3,762692650.0,364.0,376.66,354.36,355.0,True,强一股份,False
2026-03-12,352.0,359.8,341.6,345.91,15861.04,548649234.64,352.0,359.8,341.6,345.91,True,强一股份,False
2026-03-13,343.99,354.87,336.0,337.5,20425.96,689376150.0,343.99,354.87,336.0,337.5,True,强一股份,False
2026-03-16,336.0,349.0,330.0,348.52,18578.79,647507989.0799999,336.0,349.0,330.0,348.52,True,强一股份,False
2026-03-17,347.08,348.88,333.0,334.6,14549.24,486817570.4,347.08,348.88,333.0,334.6,True,强一股份,False
2026-03-18,339.0,358.88,336.0,358.88,25022.3,898000302.4,339.0,358.88,336.0,358.88,True,强一股份,False
2026-03-19,351.0,355.55,347.0,351.0,16549.5,580887450.0,351.0,355.55,347.0,351.0,True,强一股份,False
2026-03-20,353.0,356.0,345.0,345.28,14591.52,503816002.56,353.0,356.0,345.0,345.28,True,强一股份,False
2026-03-23,334.0,340.84,330.28,333.0,11461.5,381667950.0,334.0,340.84,330.28,333.0,True,强一股份,False
2026-03-24,338.5,341.0,332.15,340.3,11633.26,395879837.8,338.5,341.0,332.15,340.3,True,强一股份,False
2026-03-25,346.42,350.59,336.68,339.0,15419.97,522736983.0,346.42,350.59,336.68,339.0,True,强一股份,False
2026-03-26,335.0,335.0,312.01,315.0,24505.71,771929865.0,335.0,335.0,312.01,315.0,True,强一股份,False
2026-03-27,303.03,321.18,301.21,316.4,16043.72,507623300.8,303.03,321.18,301.21,316.4,True,强一股份,False
2026-03-30,308.88,323.27,307.01,322.4,14068.44,453566505.6,308.88,323.27,307.01,322.4,True,强一股份,False
2026-03-31,318.9,320.2,303.33,305.8,13253.94,405305485.2,318.9,320.2,303.33,305.8,True,强一股份,False
2026-04-01,315.0,329.0,311.0,327.0,24995.26,817345002.0,315.0,329.0,311.0,327.0,True,强一股份,False
2026-04-02,326.0,332.01,317.01,318.4,14672.73,467179723.2,326.0,332.01,317.01,318.4,True,强一股份,False
2026-04-03,321.56,326.88,315.44,315.44,11502.56,362836752.64,321.56,326.88,315.44,315.44,True,强一股份,False
2026-04-07,338.0,339.3,321.01,322.3,25076.75,808223652.5,338.0,339.3,321.01,322.3,True,强一股份,False
2026-04-08,332.0,340.87,330.0,340.68,24813.85,845358241.8000001,332.0,340.87,330.0,340.68,True,强一股份,False
2026-04-09,337.34,352.96,335.58,341.25,21357.46,728823322.5,337.34,352.96,335.58,341.25,True,强一股份,False
2026-04-10,344.0,350.66,340.91,344.78,19887.29,685673984.62,344.0,350.66,340.91,344.78,True,强一股份,False
2026-04-13,341.04,355.0,340.11,348.6,20703.98,721740742.8000001,341.04,355.0,340.11,348.6,True,强一股份,False
2026-04-14,354.08,384.87,354.08,367.35,33751.88,1239875311.8,354.08,384.87,354.08,367.35,True,强一股份,False
2026-04-15,369.85,376.5,361.7,370.59,24913.73,923277920.07,369.85,376.5,361.7,370.59,True,强一股份,False
2026-04-16,371.0,375.77,360.01,375.35,24365.97,914576683.95,371.0,375.77,360.01,375.35,True,强一股份,False
2026-04-17,369.98,422.62,366.8,417.0,38092.78,1588468926.0,369.98,422.62,366.8,417.0,True,强一股份,False
2026-04-20,418.0,426.0,400.0,403.18,26328.81,1061524961.58,418.0,426.0,400.0,403.18,True,强一股份,False
2026-04-21,401.51,405.99,391.5,401.91,21103.81,848183227.71,401.51,405.99,391.5,401.91,True,强一股份,False
2026-04-22,395.7,437.67,393.04,437.0,31289.68,1367359016.0,395.7,437.67,393.04,437.0,True,强一股份,False
2026-04-23,432.0,439.98,402.23,404.5,31260.03,1264468213.5,432.0,439.98,402.23,404.5,True,强一股份,False
2026-04-24,406.0,415.98,400.6,406.76,22536.14,916680030.64,406.0,415.98,400.6,406.76,True,强一股份,False
2026-04-27,416.76,444.78,406.81,432.55,30065.67,1300490555.85,416.76,444.78,406.81,432.55,True,强一股份,False
2026-04-28,426.44,432.54,408.6,416.3,22377.1,931558673.0,426.44,432.54,408.6,416.3,True,强一股份,False
2026-04-29,409.6,413.45,392.5,407.5,23789.07,969404602.5,409.6,413.45,392.5,407.5,True,强一股份,False
2026-04-30,407.38,425.0,407.38,423.25,20966.29,887398224.25,407.38,425.0,407.38,423.25,True,强一股份,False
2026-05-06,435.0,459.87,427.27,437.1,28704.92,1254692053.2,435.0,459.87,427.27,437.1,True,强一股份,False
2026-05-07,433.0,449.59,426.0,444.58,20270.85,901201449.2999998,433.0,449.59,426.0,444.58,True,强一股份,False
2026-05-08,435.0,435.2,418.0,419.06,26409.97,1106736202.82,435.0,435.2,418.0,419.06,True,强一股份,False
2026-05-11,426.98,449.6,420.02,449.0,29291.58,1315191942.0,426.98,449.6,420.02,449.0,True,强一股份,False
2026-05-12,446.0,446.0,431.16,439.45,20484.1,900173774.4999999,446.0,446.0,431.16,439.45,True,强一股份,False
2026-05-13,420.73,448.8,418.1,444.88,25018.1,1113005232.8,420.73,448.8,418.1,444.88,True,强一股份,False
2026-05-14,446.88,446.88,423.34,424.45,21636.14,918345962.3,446.88,446.88,423.34,424.45,True,强一股份,False
2026-05-15,425.0,469.0,404.0,452.01,45406.02,2052397510.02,425.0,469.0,404.0,452.01,True,强一股份,False
2026-05-18,448.0,487.88,445.0,461.75,33241.25,1534914718.75,448.0,487.88,445.0,461.75,True,强一股份,False
2026-05-19,449.88,485.03,442.0,479.53,30295.57,1452763468.2099998,449.88,485.03,442.0,479.53,True,强一股份,False
2026-05-20,471.0,531.09,471.0,531.09,37281.59,1979987963.31,471.0,531.09,471.0,531.09,True,强一股份,False
2026-05-21,537.5,540.99,483.19,484.9,38690.13,1876084403.7,537.5,540.99,483.19,484.9,True,强一股份,False
2026-05-22,490.0,502.0,469.0,502.0,28292.54,1420285508.0,490.0,502.0,469.0,502.0,True,强一股份,False
2026-05-25,496.98,525.87,480.8,511.14,32004.88,1635897436.32,496.98,525.87,480.8,511.14,True,强一股份,False
2026-05-26,507.0,507.0,477.95,496.0,24343.38,1207431648.0,507.0,507.0,477.95,496.0,True,强一股份,False
2026-05-27,498.8,509.9,465.11,466.0,20534.23,956895118.0,498.8,509.9,465.11,466.0,True,强一股份,False
2026-05-28,458.05,475.88,450.1,468.98,17962.35,842398290.3,458.05,475.88,450.1,468.98,True,强一股份,False
2026-05-29,473.09,478.0,430.95,439.0,24571.2,1078675680.0,473.09,478.0,430.95,439.0,True,强一股份,False
2026-06-01,447.78,484.88,446.0,458.33,31303.87,1434750273.71,447.78,484.88,446.0,458.33,True,强一股份,False
2026-06-02,458.6,500.0,458.46,488.5,28348.23,1384811035.5,458.6,500.0,458.46,488.5,True,强一股份,False
2026-06-03,484.0,537.35,481.01,504.66,31333.34,1581268336.44,484.0,537.35,481.01,504.66,True,强一股份,False
2026-06-04,498.9,529.99,495.01,512.0,25378.75,1299392000.0,498.9,529.99,495.01,512.0,True,强一股份,False
2026-06-05,503.98,523.08,488.21,491.92,21036.98,1034851120.16,503.98,523.08,488.21,491.92,True,强一股份,False
2026-06-08,469.2,483.5,457.02,467.0,20949.49,978341183.0,469.2,483.5,457.02,467.0,True,强一股份,False
2026-06-09,474.0,494.33,462.01,487.91,22014.69,1074118739.79,474.0,494.33,462.01,487.91,True,强一股份,False
2026-06-10,479.0,545.6,479.0,540.99,45348.31,2453298222.69,479.0,545.6,479.0,540.99,True,强一股份,False
2026-06-11,535.5,609.0,534.77,586.17,43981.77,2578079412.09,535.5,609.0,534.77,586.17,True,强一股份,False
2026-06-12,616.0,618.0,565.0,569.32,41354.28,2354381868.96,616.0,618.0,565.0,569.32,True,强一股份,False
2026-06-15,578.5,583.95,530.02,576.0,31436.95,1810768320.0,578.5,583.95,530.02,576.0,True,强一股份,False
2026-06-16,576.0,589.18,561.98,573.0,26269.55,1505245215.0,576.0,589.18,561.98,573.0,True,强一股份,False
2026-06-17,562.0,594.0,560.44,591.97,26473.67,1567161842.99,562.0,594.0,560.44,591.97,True,强一股份,False
2026-06-18,589.07,628.0,576.0,626.0,34347.42,2150148492.0,589.07,628.0,576.0,626.0,True,强一股份,False
2026-06-22,620.89,629.0,564.0,590.89,34920.52,2059926554.28,619.89,628.0,563.0,589.89,True,强一股份,False
2026-06-23,578.04,618.76,564.33,617.02,31299.23,1928095166.46,577.04,617.76,563.33,616.02,True,强一股份,False
2026-06-24,596.88,640.56,586.6,624.0,28662.36,1785665028.0,595.88,639.56,585.6,623.0,True,强一股份,False
2026-06-25,624.0,635.9,599.01,613.2,24834.45,1520365029.0,623.0,634.9,598.01,612.2,True,强一股份,False
2026-06-26,599.03,627.11,572.02,581.0,24395.42,1414934360.0,598.03,626.11,571.02,580.0,True,强一股份,False
2026-06-29,576.0,624.5,565.0,603.0,28528.34,1717406068.0,575.0,623.5,564.0,602.0,True,强一股份,False
2026-06-30,594.01,628.0,584.88,624.0,38233.84,2381968231.9999995,593.01,627.0,583.88,623.0,True,强一股份,False
2026-07-01,633.36,672.0,591.0,606.74,40996.75,2483337134.5,632.36,671.0,590.0,605.74,True,强一股份,False
2026-07-02,571.0,574.8,528.0,531.13,31803.13,1685979330.69,570.0,573.8,527.0,530.13,True,强一股份,False
2026-07-03,526.8,537.84,504.68,512.0,24213.2,1237294520.0,525.8,536.84,503.68,511.0,True,强一股份,False
2026-07-06,520.75,532.49,486.1,520.5,25748.93,1337656913.5,519.75,531.49,485.1,519.5,True,强一股份,False
2026-07-07,510.0,547.48,503.51,544.74,25895.15,1408022886.1,509.0,546.48,502.51,543.74,True,强一股份,False
2026-07-08,541.0,559.99,519.86,543.09,20133.97,1091442379.73,540.0,558.99,518.86,542.09,True,强一股份,False
2026-07-09,554.26,600.75,536.58,595.8,25992.8,1546051744.0,553.26,599.75,535.58,594.8,True,强一股份,False
2026-07-10,588.0,604.95,547.0,547.0,29572.26,1614645396.0,587.0,603.95,546.0,546.0,True,强一股份,False
2026-07-13,541.55,577.88,524.01,539.04,24113.05,1297378542.1999998,540.55,576.88,523.01,538.04,True,强一股份,False
2026-07-14,538.0,571.0,525.01,554.0,26200.32,1448877696.0,537.0,570.0,524.01,553.0,True,强一股份,False
2026-07-15,561.01,561.01,481.0,482.0,27047.52,1300985712.0,560.01,560.01,480.0,481.0,True,强一股份,False
2026-07-16,465.35,488.7,453.02,468.9,19650.93,919467014.7,464.35,487.7,452.02,467.9,True,强一股份,False
2026-07-17,454.0,474.63,419.18,424.0,26395.75,1116540225.0,453.0,473.63,418.18,423.0,True,强一股份,False
2026-07-20,434.57,441.89,351.59,359.01,36820.92,1318225756.92,433.57,440.89,350.59,358.01,True,强一股份,False
2026-07-21,369.75,430.61,360.0,430.61,34468.49,1480800798.89,368.75,429.61,359.0,429.61,True,强一股份,False
2026-07-22,441.0,463.5,439.08,442.0,30392.88,1340326008.0,440.0,462.5,438.08,441.0,True,强一股份,False
2026-07-23,450.8,455.23,416.0,418.0,17838.82,743878794.0,449.8,454.23,415.0,417.0,True,强一股份,False
2026-07-24,413.03,450.94,413.03,441.8,22429.35,988685748.0,412.03,449.94,412.03,440.8,True,强一股份,False
2026-07-27,436.06,478.98,426.0,475.5,28122.85,1334429232.5,435.06,477.98,425.0,474.5,True,强一股份,False
2026-07-28,456.0,476.99,444.33,447.41,16945.99,756485939.5900002,455.0,475.99,443.33,446.41,True,强一股份,False
2026-07-29,438.86,457.0,419.88,452.55,25530.67,1152837403.85,437.86,456.0,418.88,451.55,True,强一股份,False
2026-07-30,449.0,450.9,414.0,414.0,22594.73,933162349.0,448.0,449.9,413.0,413.0,True,强一股份,False
2026-07-31,456.0,483.8,440.15,442.03,23500.61,1036447402.83,455.0,482.8,439.15,441.03,True,强一股份,False
2026-08-03,436.0,448.0,414.01,414.33,15217.14,628970047.62,435.0,447.0,413.01,413.33,True,强一股份,False
2026-08-04,417.44,444.0,406.21,443.86,18832.58,834019637.8800001,416.44,443.0,405.21,442.86,True,强一股份,False
2026-08-05,439.0,478.9,437.66,474.0,21853.57,1033673861.0,438.0,477.9,436.66,473.0,True,强一股份,False
2026-08-06,457.0,483.32,456.7,469.0,16151.72,755900496.0,456.0,482.32,455.7,468.0,True,强一股份,False
2026-08-07,465.51,490.04,457.03,484.03,19198.31,927335967.93,464.51,489.04,456.03,483.03,True,强一股份,False
2026-08-10,481.2,491.01,470.0,484.98,16829.73,814525272.5400001,480.2,490.01,469.0,483.98,True,强一股份,False
2026-08-11,476.0,482.99,459.03,461.07,12854.97,591418604.79,475.0,481.99,458.03,460.07,True,强一股份,False
2026-08-12,466.0,480.88,462.0,476.0,11989.45,569498875.0,465.0,479.88,461.0,475.0,True,强一股份,False
2026-08-13,481.66,501.0,469.01,470.77,21142.45,993208873.65,480.66,500.0,468.01,469.77,True,强一股份,False
2026-08-14,477.97,485.0,464.0,469.9,11720.76,549586436.4,476.97,484.0,463.0,468.9,True,强一股份,False
2026-08-17,468.0,492.99,468.0,488.0,16584.05,807643235.0,467.0,491.99,467.0,487.0,True,强一股份,False
2026-08-18,486.6,517.89,482.21,513.8,22562.17,1156988077.6,485.6,516.89,481.21,512.8,True,强一股份,False
2026-08-19,496.02,511.0,464.01,466.15,18905.35,879382355.2499999,495.02,510.0,463.01,465.15,True,强一股份,False
2026-08-20,478.8,483.0,444.0,455.23,16519.37,750359343.51,477.8,482.0,443.0,454.23,True,强一股份,False
2026-08-21,454.01,460.94,439.33,448.15,12473.44,557749869.6,453.01,459.94,438.33,447.15,True,强一股份,False
2026-08-24,446.0,450.99,424.01,439.5,16060.43,704249855.5,445.0,449.99,423.01,438.5,True,强一股份,False
2026-08-25,431.0,436.5,411.0,422.7,14429.1,608475147.0,430.0,435.5,410.0,421.7,True,强一股份,False
2026-08-26,421.02,455.84,421.02,442.32,17494.08,772048738.5600001,420.02,454.84,420.02,441.32,True,强一股份,False
2026-08-27,444.87577812018486,461.0323049034714,433.9811474666908,460.0601069518716,14995.67,673960000.0,443.87,459.99,433.0,459.02,True,强一股份,True
