amount,symbol,name,mcap,float_mcap,industry
18839416914.0,688825,长鑫科技,4013307937432,266219663966.0,半导体
2780922569.0,601398,工商银行,2787096930436,2108367502055.0,银行Ⅱ
1368859884.0,601939,建设银行,2765116032022,101404960895.0,银行Ⅱ
2638457353.0,601288,农业银行,2376384799998,2167668191176.0,银行Ⅱ
564227414.0,600941,中国移动,2126214477521,88507361681.0,通信服务
1348517769.0,601857,中国石油,2027872434223,1794096622223.0,炼化及贸易
1570442821.0,601988,中国银行,1978384208538,1294100261154.0,银行Ⅱ
8701494036.47,300750,宁德时代,1725742284787,1589010220087.0,电池
3203715661.0,600519,贵州茅台,1615480452972,1615480452972.0,白酒Ⅱ
1416283396.0,600938,中国海油,1607463043739,101121800000.0,油气开采Ⅱ
9431944409.0,601138,工业富联,1267243733256,1267243733256.0,消费电子
1271067994.0,601628,中国人寿,1091300260050,803996493300.0,保险Ⅱ
4313773127.0,688981,中芯国际,1081518648277,252604736815.0,半导体
1033637331.0,601088,中国神华,1036754959731,788271614249.0,煤炭开采
22780310823.67,300308,中际旭创,1013130567263,961339741341.0,通信设备
3606576460.0,601318,中国平安,1011673958261,595577836187.0,保险Ⅱ
2429800384.0,600036,招商银行,998201488888,816493620500.0,银行Ⅱ
7987376586.0,601899,紫金矿业,919241004483,712203988850.0,工业金属
1619597741.08,002594,比亚迪,834132405222,318990269115.0,乘用车
2658024415.0,600900,长江电力,687556917820,687556917820.0,电力
9532759814.0,688256,寒武纪,659039000384,659039000384.0,半导体
1883865956.57,000333,美的集团,657449819569,593336769859.0,白色家电
895023695.0,600028,中国石化,639695970234,501240594734.0,炼化及贸易
1027567584.0,601328,交通银行,624731954457,184332147753.0,银行Ⅱ
697087052.0,601658,邮储银行,600475267460,362639003025.0,银行Ⅱ
555006376.0,601728,中国电信,581070330739,492948777239.0,通信服务
7643209237.0,688041,海光信息,571717440243,571717440243.0,半导体
14874143370.87,300502,新易盛,570390409424,513110875120.0,通信设备
4375977975.22,002371,北方华创,521044845600,520611520394.0,半导体
655838867.0,601998,中信银行,481887105206,353007573825.0,银行Ⅱ
5533307226.0,603259,药明康德,477222119371,395576442545.0,医疗服务
6333030050.16,002475,立讯精密,442448678828,418847948089.0,消费电子
5013896724.0,688347,华虹宏力,439158216313,103046580000.0,半导体
3761059910.0,600030,中信证券,436385922881,340091068704.0,证券Ⅱ
1109267876.0,688235,百济神州,431454279385,32186708985.0,化学制药
5003965615.0,603993,洛阳钼业,417402991534,340661030854.0,工业金属
1872404715.0,601166,兴业银行,381143099829,381143099829.0,银行Ⅱ
11562323295.08,002384,东山精密,367420470919,278096137634.0,元件
5920649681.0,688012,中微公司,360158301271,354275508258.0,半导体
6145393362.0,601869,长飞光纤,353366458197,173433319181.0,通信设备
14313829939.0,600183,生益科技,342416647360,339984236371.0,元件
1917161040.82,002415,海康威视,323428317000,319236647026.0,计算机设备
560716695.0,601319,中国人保,317528252386,254873892266.0,保险Ⅱ
3667194002.0,600276,恒瑞医药,315997086001,303704298265.0,化学制药
1752970017.0,601211,国泰海通,314876747849,240873811270.0,证券Ⅱ
6299156508.63,300059,东方财富,310431561548,262758215191.0,证券Ⅱ
1218508523.0,601601,中国太保,307850926560,219041326560.0,保险Ⅱ
868496688.0,600000,浦发银行,302083953381,302083953381.0,银行Ⅱ
13829216739.23,300394,天孚通信,291424831846,290773751171.0,通信设备
16542661247.0,603986,兆易创新,288557557981,274883883261.0,半导体
754914134.0,688802,沐曦股份-U,276389080000,12799553426.0,半导体
2282088195.46,000858,五 粮 液,276059961316,276053232368.0,白酒Ⅱ
14462577105.0,688008,澜起科技,270007421006,253244807336.0,半导体
1071670009.0,601225,陕西煤业,261765000000,261765000000.0,煤炭开采
1177325277.0,601919,中远海控,261237583931,214842347471.0,航运港口
2002380368.0,600150,中国船舶,259784446862,259784446862.0,航海装备Ⅱ
10207529386.66,300476,胜宏科技,258521545060,227589530282.0,元件
622632288.0,688795,摩尔线程-U,255704750612,16443271070.0,半导体
3795447912.0,688836,宇树科技-W,248757703030,18504850432.0,自动化设备
3483908637.6,002916,深南电路,248693923835,242721930195.0,元件
644122367.5,002379,宏桥控股,243681910377,21250189181.0,工业金属
2352421273.0,688808,联讯仪器,238084000773,44747757936.0,通用设备
1625962716.0,688820,盛合晶微,237876252187,22079667511.0,半导体
2744358759.0,600309,万华化学,237665405846,237665405846.0,化学制品
823240705.0,601816,京沪高铁,237289544945,237289544945.0,铁路公路
1905668223.65,002714,牧原股份,235538242675,133844372256.0,养殖业
7676878236.68,002463,沪电股份,234810838785,234626368827.0,元件
3254185272.09,000338,潍柴动力,233199554561,133773034736.0,汽车零部件
1107227669.0,600188,兖矿能源,227635803814,135203463814.0,煤炭开采
1131000125.95,000001,平安银行,224914591915,224911889046.0,银行Ⅱ
5065108854.42,300408,三环集团,224590904866,210315803288.0,元件
915632556.17,002142,宁波银行,222871189230,222729218539.0,银行Ⅱ
1169361606.0,600919,江苏银行,221500486268,221500486268.0,银行Ⅱ
7975640390.9,000725,京东方Ａ,220043308700,210080776655.0,光学光电子
3052435514.92,000651,格力电器,219967203449,216491307757.0,白色家电
726414248.78,003816,中国广核,211085058684,164421106184.0,电力
1931260312.18,002938,鹏鼎控股,206724269894,206125702838.0,元件
4148810516.75,300433,蓝思科技,206134830974,193968734355.0,消费电子
14133098170.67,300274,阳光电源,204916217148,156911136458.0,光伏设备
961955872.32,301666,大普微-UW,204672716112,12441468136.0,计算机设备
5872101741.0,688498,源杰科技,203058869883,200435857943.0,半导体
3381475013.0,688072,拓荆科技,201440535912,195906257316.0,半导体
732765037.0,601066,中信建投,199967591867,167458399282.0,证券Ⅱ
1783603123.0,603288,海天味业,199520636000,189589883960.0,调味发酵品Ⅱ
558200804.0,601898,中煤能源,198217017830,136822405980.0,煤炭开采
597796979.0,600690,海尔智家,198055538208,132063960040.0,白色家电
942832419.01,300760,迈瑞医疗,196347861805,196163587354.0,医疗器械
633114876.0,603268,松发股份,190500067967,43617711104.0,航海装备Ⅱ
1599732080.0,601336,新华保险,189013328494,126356769611.0,保险Ⅱ
1465510495.0,600406,国电南瑞,185212296957,184668542296.0,电网设备
4003913399.05,300604,长川科技,183861808851,139401464688.0,半导体
737057911.0,601985,中国核电,183055218459,168061235316.0,电力
940710675.0,601668,中国建筑,183049329667,183049329667.0,房屋建设Ⅱ
546191702.0,601818,光大银行,179620075225,141076719305.0,银行Ⅱ
329824947.0,600025,华能水电,179603748637,179603748637.0,电力
1074649959.0,601766,中国中车,178219945986,151075625878.0,轨交设备Ⅱ
1236830915.12,301377,鼎泰高科,176814016130,41222043650.0,通用设备
1735750596.0,600989,宝丰能源,176000640000,176000640000.0,化学原料
469548465.13,002352,顺丰控股,175913942886,160338440803.0,物流
19124123705.0,600487,亨通光电,175853767924,174944978124.0,通信设备
5049060907.97,300033,同花顺,175530700800,102245965974.0,软件开发
945747819.0,600031,三一重工,175256784569,161521874105.0,工程机械
1216106702.0,601688,华泰证券,174218471070,141020431446.0,证券Ⅱ
695289182.23,001399,惠科股份,173256799300,10070955838.0,光学光电子
9827126408.0,600176,中国巨石,170693750082,169348470874.0,玻璃玻纤
6157355502.0,600362,江西铜业,170366286726,102102172326.0,工业金属
1802360586.27,000776,广发证券,168938414582,127468424624.0,证券Ⅱ
709657003.0,601995,中金公司,168278174418,101914689458.0,证券Ⅱ
833069277.68,300124,汇川技术,168196357001,149728750406.0,自动化设备
3738189313.0,600887,伊利股份,167305789642,166474441120.0,饮料乳品
5703314201.14,301308,江波龙,165959322551,108865293285.0,半导体
1459652012.0,601600,中国铝业,165545473306,127412230083.0,工业金属
616589499.84,001248,华润新能,164388702692,13110062781.0,电力
464665436.0,600930,华电新能,164354285713,42328190018.0,电力
2230191653.35,000063,中兴通讯,162448844763,136778017039.0,通信设备
1786824746.0,600999,招商证券,162190224932,138420398323.0,证券Ⅱ
3506436425.0,600547,山东黄金,160840441127,126107928377.0,贵金属
662390249.64,302132,中航成飞,159550576061,34994209785.0,航空装备Ⅱ
2636111510.0,688702,盛科通信-U,155964000000,77218074253.0,半导体
1541929038.38,002050,三花智控,154939073087,135904276605.0,家电零部件Ⅱ
5821697515.41,000657,中钨高新,153896941176,98166148553.0,小金属
994204025.0,600016,民生银行,150611519647,121989703853.0,银行Ⅱ
1658120265.0,601872,招商轮船,150347906907,150347906907.0,航运港口
1748971867.45,000792,盐湖股份,149275261382,149273725488.0,农化制品
427080192.0,600660,福耀玻璃,148233432618,113769623658.0,汽车零部件
1657702096.0,688082,盛美上海,148162009490,146570576182.0,半导体
2281942393.0,600111,北方稀土,147892343596,147892343596.0,小金属
5487011171.02,002281,光迅科技,146015978046,138639927658.0,通信设备
551102322.46,001280,中国铀业,145765454533,12244298201.0,小金属
611177368.0,601009,南京银行,143664651387,143664651387.0,银行Ⅱ
830206497.31,002493,荣盛石化,143548285190,134534792502.0,炼化及贸易
353085795.52,300999,金龙鱼,142262561905,14239059825.0,农产品加工
380724817.0,600809,山西汾酒,141991635799,141991635799.0,白酒Ⅱ
3499470290.28,002353,杰瑞股份,139490118688,94151440152.0,专用设备
1104607410.0,601100,恒立液压,138104562176,138104562176.0,工程机械
814890207.91,301200,大族数控,138095786058,120087231815.0,专用设备
7378098690.0,600584,长电科技,136961791188,136961791188.0,半导体
3939337672.0,688146,中船特气,136852941253,37474962657.0,半导体
688072545.0,601229,上海银行,135696319938,135696319938.0,银行Ⅱ
387115622.0,601881,中国银河,134602491771,89166470939.0,证券Ⅱ
388587432.0,600050,中国联通,134124384653,132948855262.0,通信服务
2264133166.4,301165,锐捷网络,133914772651,133914772651.0,通信设备
549786177.0,600346,恒力石化,133038985955,133038985955.0,炼化及贸易
2218432506.0,688120,华海清科,132556772090,132556772090.0,半导体
3183299566.0,688361,中科飞测,131565229969,131565229969.0,半导体
155536114.0,601633,长城汽车,131164801942,95000329848.0,乘用车
77174315.34,001289,龙源电力,130998319290,79007108350.0,电力
2734563968.0,600489,中金黄金,129374772333,129374772333.0,贵金属
891258747.0,688783,西安奕材-U,129209600000,8604800000.0,半导体
698416546.0,600760,中航沈飞,127940365221,127697711140.0,航空装备Ⅱ
1879995510.0,603256,宏和科技,127329587998,123830442900.0,玻璃玻纤
5255206946.91,300857,协创数据,126842899968,126194111482.0,消费电子
658657506.0,600019,宝钢股份,126771733239,124630037259.0,普钢
3307885074.0,603019,中科曙光,126618039947,126612722930.0,计算机设备
664774184.5,000408,藏格矿业,123677550058,123676249363.0,农化制品
1630935428.0,605117,德业股份,123228238928,123228238928.0,光伏设备
11783460824.0,600522,中天科技,123139223444,123139223444.0,通信设备
810449860.0,600926,杭州银行,121783242806,121783242806.0,银行Ⅱ
902146593.5,000568,泸州老窖,120592886864,120523957024.0,白酒Ⅱ
258299819.0,600018,上港集团,120590195411,120418001053.0,航运港口
1757996224.25,300014,亿纬锂能,120552780984,117207117253.0,电池
351632759.0,601111,中国国航,120496258856,68432083707.0,航空机场
1015802574.8,002028,思源电气,120078044390,93717340704.0,电网设备
1647488510.0,603296,华勤技术,118975379982,62681804043.0,消费电子
362315428.0,600104,上汽集团,117711641641,117711641641.0,乘用车
4647072339.4,301526,国际复材,117425142415,43732795622.0,玻璃玻纤
5046770287.1,000977,浪潮信息,114937667787,114808925299.0,计算机设备
337823702.19,000166,申万宏源,114432546639,102987268434.0,证券Ⅱ
1498462525.65,002460,赣锋锂业,113494068089,65563232397.0,能源金属
5893504538.0,688525,佰维存储,112440353457,112440353457.0,半导体
517774733.0,688506,百利天恒,112297549486,112297549486.0,生物制品
289735831.0,600886,国投电力,111342515184,103687640976.0,电力
455880492.0,601868,中国能建,111042859940,81396106366.0,基础建设
1428640422.0,688111,金山办公,110537280486,110537280486.0,软件开发
829199720.0,601888,中国中免,110434891629,103774075164.0,旅游零售Ⅱ
1445277955.0,601991,大唐发电,110114927499,73756730181.0,电力
431504547.0,601390,中国中铁,108183078551,89628488651.0,基础建设
766285360.0,601169,北京银行,107617789944,107617789944.0,银行Ⅱ
1495942337.0,600160,巨化股份,106747960043,106747960043.0,化学制品
227465234.0,600905,三峡能源,106346058528,106346058528.0,电力
1086204776.0,603501,豪威集团,106326332428,102036679834.0,半导体
388655415.0,600011,华能国际,106119111107,74344519052.0,电力
6863227830.73,000988,华工科技,105477233964,105422995419.0,自动化设备
737910208.0,600015,华夏银行,105356826458,101863422767.0,银行Ⅱ
379556496.04,002736,国信证券,104875448934,98431276820.0,证券Ⅱ
1170963508.96,300442,润泽科技,104517963260,104211385076.0,通信服务
5022006503.94,000938,紫光股份,104192709810,104192447514.0,IT服务Ⅱ
1863474125.51,000100,TCL科技,103380286362,99971451773.0,光学光电子
280903299.0,601727,上海电气,103186407663,83767847183.0,其他电源设备Ⅱ
379868408.0,601698,中国卫通,102779297074,102779297074.0,航天装备Ⅱ
944542465.0,600010,包钢股份,102663094792,71092340983.0,普钢
930190672.23,002602,世纪华通,102599897922,94611840568.0,游戏Ⅱ
4104189329.0,688183,生益电子,101926477265,101926477265.0,元件
5090130497.0,688521,芯原股份,101869788380,101869788380.0,半导体
921671751.0,600026,中远海能,101819295853,71238930301.0,航运港口
1140698849.54,002600,领益智造,101503567838,89999745813.0,消费电子
1103710136.0,600893,航发动力,100226343349,100208690901.0,航空装备Ⅱ
1197883461.0,600089,特变电工,97822064175,97822064175.0,电网设备
61910923.2,000958,电投产融,97810243249,28747454897.0,电力
854603713.0,600673,东阳光,97599870563,97340523573.0,综合Ⅱ
8762050140.69,001309,德明利,97487991811,70922886247.0,半导体
4042941657.0,603228,景旺电子,96865105813,94999710184.0,元件
5444875085.17,002156,通富微电,96716451202,96707230108.0,半导体
162361871.0,601800,中国交建,96472028360,69751094820.0,基础建设
906278030.72,002230,科大讯飞,95530715277,87094985204.0,软件开发
737206703.0,600585,海螺水泥,95092621993,71673829993.0,水泥
4207003190.26,301217,铜冠铜箔,94947150254,94947150254.0,电池
1217076396.45,000617,中油资本,94689172302,94689172302.0,多元金融
510323334.0,601006,大秦铁路,94547369623,94547369623.0,铁路公路
842630587.45,300498,温氏股份,94352717545,84312577960.0,养殖业
645779815.39,000425,徐工机械,93806795696,72094448418.0,工程机械
555877257.0,600795,国电电力,93280287799,93280287799.0,电力
3204966957.46,002008,大族激光,92664306720,86105691270.0,自动化设备
1692468189.39,000807,云铝股份,92559783139,92558814186.0,工业金属
3883938611.28,300757,罗博特科,92538114164,89754754292.0,自动化设备
1253033829.78,002648,卫星化学,92267205449,92207955264.0,化学原料
2067165222.0,601168,西部矿业,92150610000,92150610000.0,工业金属
854901524.0,601012,隆基绿能,92073540148,92073448464.0,光伏设备
1287342310.0,688249,晶合集成,91687508845,82371487328.0,半导体
3478028219.0,600988,赤峰黄金,91637827003,80233806647.0,贵金属
260185833.0,600029,南方航空,91148478315,67789171856.0,航空机场
2118216483.57,000630,铜陵有色,90648027408,75326691364.0,工业金属
400180020.04,000301,东方盛虹,90111098566,90072124303.0,炼化及贸易
1378644403.63,001232,嘉立创,90017386800,7162787134.0,元件
744268999.0,600875,东方电气,89744450460,58734363140.0,其他电源设备Ⅱ
299132942.36,000538,云南白药,89195287524,88628939166.0,中药Ⅱ
401590308.58,002128,电投能源,88635624878,63548608527.0,煤炭开采
611451901.0,605499,东鹏饮料,88382912938,81378914422.0,饮料乳品
2563024739.13,002080,中材科技,88067925688,88067925688.0,玻璃玻纤
517009278.0,601127,赛力斯,88005086545,78669915364.0,乘用车
286915210.0,601825,沪农商行,87185777783,85267984741.0,银行Ⅱ
2979583214.0,600549,厦门钨业,86999703265,85155472504.0,小金属
323764254.0,688271,联影医疗,86767352977,86767352977.0,医疗器械
176446372.32,000895,双汇发展,86408650652,86397384107.0,食品加工
2307107411.65,002241,歌尔股份,84863758442,75151020285.0,消费电子
6845251645.78,002837,英维克,84252374093,74759848935.0,专用设备
1914131647.0,688396,华润微,83677272840,83677272840.0,半导体
1571898459.0,688126,沪硅产业,83352689971,72069123413.0,半导体
2780995067.08,300759,康龙化成,82861491623,64043441125.0,医疗服务
1208703713.57,002001,新 和 成,82859448493,81873554939.0,化学制品
1616129896.63,002466,天齐锂业,82623064182,71180795997.0,能源金属
168180726.0,601186,中国铁建,82427816905,69824700185.0,基础建设
829843713.0,601689,拓普集团,82425541559,82425541559.0,汽车零部件
1312625925.0,688200,华峰测控,80319307600,80319307600.0,半导体
845646045.56,300661,圣邦股份,80142590000,70352597730.0,半导体
243820601.0,688818,电科蓝天,80020083612,6542908345.0,航天装备Ⅱ
363605044.0,601669,中国电建,79929379310,60651879944.0,基础建设
342371094.0,601838,成都银行,79513047279,79513047279.0,银行Ⅱ
859197451.0,601916,浙商银行,79372797933,62263419933.0,银行Ⅱ
359463891.51,300015,爱尔眼科,79232291534,67795108362.0,医疗服务
1681094485.47,002202,金风科技,79153799245,63032085218.0,风电设备
563386304.0,688172,燕东微,78775966592,66147251845.0,半导体
525957324.0,600115,中国东航,78411465179,60438625370.0,航空机场
113150458.0,600236,桂冠电力,78193187796,78193187796.0,电力
524780371.0,600958,东方证券,78084170233,68644547520.0,证券Ⅱ
362479274.0,601077,渝农商行,77909020000,60630342926.0,银行Ⅱ
4736833109.22,300475,香农芯创,77629340338,74404413358.0,其他电子Ⅱ
1741656585.0,603893,瑞芯微,76749777099,76739982579.0,半导体
319136480.0,600436,片仔癀,76241195828,76241195828.0,中药Ⅱ
391420456.48,002653,海思科,76211617664,35870705414.0,化学制药
1756664891.0,603799,华友钴业,76081935633,75844057175.0,能源金属
1751759811.66,002709,天赐材料,75977196199,56240840678.0,电池
1596729719.61,000975,山金国际,75967251746,69136085986.0,贵金属
333746732.0,600674,川投能源,75800136175,75800136175.0,电力
1837379835.0,688037,芯源微,75662436000,75662436000.0,半导体
126663914.0,600039,四川路桥,75651638612,75651638612.0,基础建设
1456112064.0,601958,金钼股份,75470276916,75470276916.0,小金属
1263204608.0,688002,睿创微纳,75279381639,75279381639.0,军工电子Ⅱ
389412111.6,002311,海大集团,75203527934,75131123242.0,饲料
3403358357.28,300620,光库科技,74978425991,74423415038.0,通信设备
3672801855.2,002851,麦格米特,74682420515,62769033315.0,其他电源设备Ⅱ
966691285.91,001389,广合科技,74664412454,24064771407.0,元件
1588892507.78,002179,中航光电,74558743544,74423007412.0,军工电子Ⅱ
347776452.85,300866,安克创新,74212454932,39031765486.0,消费电子
299358665.02,301638,南网数字,73608902825,5792917216.0,IT服务Ⅱ
2269271510.28,000703,恒逸石化,73373993222,73005886022.0,炼化及贸易
948135700.0,688469,芯联集成-U,73180859012,51243354000.0,半导体
674020634.0,688729,屹唐股份,73090998800,43233902667.0,半导体
7170540939.0,603083,剑桥科技,72990906432,54624371412.0,通信设备
1336082354.0,600118,中国卫星,72841330716,72841330716.0,航天装备Ⅱ
974622881.0,688777,中控技术,72552079626,72186158846.0,自动化设备
3787912111.75,300223,君正股份,72340410180,59413693585.0,半导体
3239906004.41,000426,兴业银锡,72250618220,72233110330.0,贵金属
351003833.0,600482,中国动力,72175599430,72175599430.0,其他电源设备Ⅱ
101584760.0,603195,公牛集团,72083736980,71952529299.0,家居用品
3482444467.0,688313,仕佳光子,71929104238,71929104238.0,通信设备
2070802381.32,300054,鼎龙股份,71596946475,55832025075.0,电子化学品Ⅱ
497624876.68,002027,分众传媒,71344466646,71344466646.0,广告营销
151366643.34,000708,中信特钢,70407862861,70407548986.0,特钢Ⅱ
217994427.92,000625,长安汽车,70381629391,58697172618.0,乘用车
7585483781.92,300285,国瓷材料,69803351413,59723639540.0,电子化学品Ⅱ
308803594.0,600600,青岛啤酒,69560309220,36158331834.0,非白酒
2002387072.0,688519,南亚新材,69190086036,69190086036.0,元件
757594075.0,688331,荣昌生物,68725133555,43330367707.0,生物制品
2807152935.49,002409,雅克科技,68490752141,45838608521.0,半导体
3257090746.64,300666,江丰电子,68490503379,54957883072.0,半导体
368408333.0,601788,光大证券,67870794046,57506606910.0,证券Ⅱ
1088497851.0,603459,红板科技,67423258447,7071188698.0,元件
543637437.0,600415,小商品城,67338107295,67338107295.0,一般零售
1694092225.85,002422,科伦药业,67258229474,54902973724.0,化学制药
240289307.0,601018,宁波港,66923096093,66923096093.0,航运港口
955596535.0,601179,中国西电,66533952929,66533952929.0,电网设备
556198328.0,688036,传音控股,66457883783,66457883783.0,消费电子
1417836438.0,600703,三安光电,66403839256,66403839256.0,光学光电子
307635094.0,600066,宇通客车,66218922160,66218922160.0,商用车
8458360801.56,002428,云南锗业,66200243200,66191690950.0,小金属
153174965.0,600023,浙能电力,65970965125,65970965125.0,电力
1688863332.99,300765,石药创新,65945638721,65945638721.0,化学制药
1335931581.0,688409,富创精密,65835315765,65835315765.0,半导体
782653598.0,601231,环旭电子,65815177929,65815177929.0,消费电子
168672106.32,001965,招商公路,65232911923,65232911923.0,铁路公路
1837539260.0,688629,华丰科技,64736249050,63732258886.0,军工电子Ⅱ
444710701.17,001979,招商蛇口,64735110988,63684544187.0,房地产开发
3021203843.69,000831,中国稀土,64532837274,64532837274.0,小金属
906807092.0,688585,上纬新材,64489473073,64489473073.0,塑料
3523985825.0,688630,芯碁微装,64257143878,57781478038.0,专用设备
233396646.0,688187,时代电气,64139904458,41881342078.0,轨交设备Ⅱ
4976139431.0,688766,普冉股份,63926170399,63926170399.0,半导体
4972395921.6,300548,长芯博创,63680785496,63551989966.0,通信设备
1567255225.78,300751,迈为股份,62976015602,43545339199.0,光伏设备
1436979563.0,600378,昊华科技,62513381585,51976517491.0,化学制品
6738638520.62,000636,风华高科,62090706572,62090682223.0,元件
1440302576.8,300567,精测电子,62047847116,50359629005.0,通用设备
675548695.0,600048,保利发展,62006896905,62006896905.0,房地产开发
1683373698.0,601233,桐昆股份,61854038740,61741477720.0,炼化及贸易
1799697291.16,002821,凯莱英,61543614521,54100363929.0,医疗服务
137872760.0,600377,宁沪高速,61359764550,46310588952.0,铁路公路
307376034.4,000157,中联重科,61318114823,50129259104.0,工程机械
463678417.0,600196,复星医药,61126127249,48492209204.0,化学制药
644623325.0,601360,三六零,61036144705,61036144705.0,软件开发
520215616.3,002625,光启技术,60802469466,60802029234.0,航空装备Ⅱ
4186033712.79,002436,兴森科技,60678346199,54190049449.0,元件
1110583294.1,000933,神火股份,60543198421,60504569836.0,工业金属
154706933.0,601607,上海医药,60335046632,45380406106.0,医药商业
951810768.96,002532,天山铝业,60173586395,53389146876.0,工业金属
2132617156.76,300136,信维通信,60056985361,51220178773.0,消费电子
238163188.0,601808,中海油服,60026627360,37242687440.0,油服工程
3246175512.32,000021,深科技,59984716412,59976608942.0,消费电子
6217735603.0,600105,永鼎股份,59941786882,59941786882.0,通信设备
107704510.0,600292,电投水电,59647597001,5499830459.0,电力
673957347.0,688809,强一股份,59470309886,11894083092.0,半导体
1515937386.77,000960,锡业股份,59433002106,59433002106.0,小金属
1568881790.57,003031,中瓷电子,59245793030,44679582020.0,通信设备
529701885.22,300316,晶盛机电,59164736948,55641674463.0,光伏设备
550620348.97,000768,中航西飞,58948934862,58859976991.0,航空装备Ⅱ
332657675.54,002304,洋河股份,58570584477,58569219789.0,白酒Ⅱ
209370299.0,601061,中信金属,58408000000,58408000000.0,贸易Ⅱ
177119430.0,600009,上海机场,58375823918,58185933986.0,航空机场
2384628138.0,688141,杰华特,58339164446,58339164446.0,半导体
75571288.0,601298,青岛港,58290078000,48420833500.0,航运港口
5271805900.0,600460,士兰微,58042825954,58042825954.0,半导体
235349452.0,600233,圆通速递,58037078624,58037078624.0,物流
6576927496.0,600498,烽火通信,58007333156,54310952386.0,通信设备
544983432.98,002064,华峰化学,57664760083,57542130447.0,化学纤维
2998088587.0,688432,有研硅,57501382449,57501382449.0,半导体
694503676.0,600426,华鲁恒升,57253813572,57246235051.0,农化制品
3719163628.42,002185,华天科技,57153700859,57141135820.0,半导体
298604340.0,600221,海航控股,57044634946,56556079712.0,航空机场
379350231.0,601901,方正证券,56883820639,56883820639.0,证券Ⅱ
1733230622.0,688019,安集科技,56646124057,56646124057.0,电子化学品Ⅱ
1208010844.0,688147,微导纳米,56618056644,56618056644.0,半导体
894032740.02,300450,先导智能,56538457826,52661423039.0,电池
1442023906.0,600096,云天化,56421563124,56421563124.0,农化制品
46458499.73,001872,招商港口,56344766070,52261139809.0,航运港口
559453127.0,600219,南山铝业,55466278530,55466278530.0,工业金属
627722316.0,601877,正泰电器,55314461442,55314461442.0,电网设备
995452263.85,002414,高德红外,55306032599,44012030981.0,军工电子Ⅱ
140800099.98,002595,豪迈科技,55076800000,54695944878.0,专用设备
2215947058.0,688017,绿的谐波,54870706413,54870706413.0,自动化设备
2764000873.12,301511,德福科技,54768678580,34638473194.0,电池
186196601.0,601059,信达证券,54741840000,54741840000.0,证券Ⅱ
110097298.0,600803,新奥股份,54444306032,54031672776.0,燃气Ⅱ
361737185.0,688796,百奥赛图,54387537714,4698532507.0,医疗服务
212571499.0,601618,中国中冶,54212042225,46773862225.0,专业工程
3271111298.82,300803,指南针,53912971349,53505747743.0,软件开发
2421302562.0,688048,长光华芯,53731889426,53731889426.0,半导体
794778264.0,603156,养元饮品,53599604882,53599604882.0,饮料乳品
417599833.0,600438,通威股份,53573692186,53573692186.0,光伏设备
266448622.0,600372,中航机载,53566585694,53566585694.0,航空装备Ⅱ
304289174.0,600027,华电国际,53530278988,42484272477.0,电力
1036191623.42,002049,紫光国微,53334530007,53327331398.0,半导体
5109731812.0,601212,白银有色,53314376479,53314376479.0,工业金属
410039429.16,002236,大华股份,53256279185,38951662699.0,计算机设备
2225031777.0,600601,方正科技,53122624085,51836745557.0,元件
860157037.0,688234,天岳先进,53094807681,47079141981.0,半导体
1887379121.0,600497,驰宏锌锗,53075206486,53075206486.0,工业金属
1634972667.8,301358,湖南裕能,52966273992,47755311846.0,电池
1007796770.65,002812,恩捷股份,52961760416,44396308546.0,电池
602859027.99,301269,华大九天,52935648490,52935648490.0,软件开发
2164068301.28,002484,江海股份,52817536736,50951187932.0,元件
125253456.0,601238,广汽集团,52718830703,38173716566.0,乘用车
1653197464.76,300373,扬杰科技,52666700994,52549955885.0,半导体
485462747.0,600885,宏发股份,52649158528,52649158528.0,电网设备
1796379680.79,300418,昆仑万维,52545069496,48023575230.0,数字媒体
2066932283.81,300390,天华新能,52503449802,44966256733.0,电池
2178034923.0,688110,东芯股份,52355364225,52355364225.0,半导体
147368921.0,688009,中国通号,52313705860,42587828920.0,轨交设备Ⅱ
361242769.09,002850,科达利,51932066942,38026195075.0,电池
1935420240.31,300454,深信服,51787086600,34560172560.0,软件开发
559005680.0,601699,潞安环能,51781293252,51781293252.0,煤炭开采
518336579.0,688578,艾力斯,51772500000,51772500000.0,化学制药
2235123340.61,002558,巨人网络,51771308090,51771103790.0,游戏Ⅱ
2100462665.12,000783,长江证券,51540279875,51540279875.0,证券Ⅱ
516305128.25,002920,德赛西威,51444961143,51428798643.0,汽车零部件
521701939.0,601377,兴业证券,51384124399,51384124399.0,证券Ⅱ
611146975.0,603659,璞泰来,51267443624,51267443624.0,电池
239662457.0,688428,诺诚健华,51091810218,7879121511.0,化学制药
209670513.0,601456,国联民生,50727693758,39086445840.0,证券Ⅱ
1922000859.83,301536,星宸科技,50723908105,22515605553.0,半导体
1452073316.0,688797,臻宝科技,50635506817,9518863037.0,半导体
3480428436.36,002636,金安国纪,50530480000,50274733094.0,元件
490670633.18,300628,亿联网络,50512035691,28940464729.0,通信设备
998240901.91,002074,国轩高科,50249744720,48088051436.0,电池
262304369.5,000039,中集集团,50150439581,21403086411.0,通用设备
952475224.0,603979,金诚信,50121733803,50121733803.0,工业金属
257722522.0,600350,山东高速,50037808039,50037808039.0,铁路公路
137812394.57,001391,国货航,49934324210,6214157942.0,物流
201296423.0,600845,宝信软件,49927585273,37281926053.0,IT服务Ⅱ
109972224.0,600801,华新建材,49771155837,32120241717.0,水泥
3775172934.0,601208,东材科技,49599982501,49599982501.0,塑料
1101011858.45,300037,新宙邦,49296641505,35753914644.0,电池
494633984.0,600985,淮北矿业,48828780394,48828780394.0,煤炭开采
253580086.83,000596,古井贡酒,48721062000,37660662000.0,白酒Ⅱ
3003332614.69,300058,蓝色光标,48647497626,47125955321.0,广告营销
441735507.7,000963,华东医药,48543435953,48523402553.0,化学制药
262229233.0,688775,影石创新,48404710000,31307132064.0,消费电子
2481425114.0,688627,精智达,48334807079,48334807079.0,通用设备
210401788.0,600741,华域汽车,48299731435,48299731435.0,汽车零部件
489222232.8,001257,盛龙股份,48285506487,3601732084.0,小金属
90132496.0,601598,中国外运,47777183172,34348751712.0,物流
773197125.0,688548,广钢气体,47590704652,47590704652.0,电子化学品Ⅱ
1168551019.0,600418,江淮汽车,47585701696,47585701696.0,商用车
5185150554.67,300570,太辰光,47555823412,40241328045.0,通信设备
688433269.0,600879,航天电子,47542903403,47542903403.0,航天装备Ⅱ
556183198.0,600895,张江高科,47513795394,47513795394.0,房地产开发
838965395.0,600580,卧龙电驱,47300918233,47165112433.0,电机Ⅱ
2485491263.77,300395,菲利华,47057831110,45877222674.0,航空装备Ⅱ
175619290.0,688375,国博电子,46727568160,46727568160.0,军工电子Ⅱ
404455865.0,603129,春风动力,46678712711,46678712711.0,摩托车及其他
700711035.57,002203,海亮股份,46499714509,44884346348.0,工业金属
408212875.0,601117,中国化学,46463316638,46330192625.0,专业工程
897440475.16,000066,中国长城,46322474904,46318895674.0,计算机设备
934056391.0,688828,国仪公司-U,46153153800,3004383628.0,通用设备
273577800.0,601058,赛轮轮胎,46000522623,46000522623.0,汽车零部件
986942731.58,300782,卓胜微,45998958880,36685237440.0,半导体
4822379857.0,603629,利通电子,45921680160,45169784148.0,消费电子
138778536.0,600663,陆家嘴,45920601552,35881889232.0,房地产开发
395504584.0,600918,中泰证券,45847194367,26418751325.0,证券Ⅱ
359037309.0,601198,东兴证券,45577481832,45577481832.0,证券Ⅱ
555337355.0,688387,信科移动-U,45469375000,26823136760.0,通信设备
6091502433.0,600206,有研新材,45417586262,45417586262.0,半导体
3769790833.0,688300,联瑞新材,44971221946,44971221946.0,非金属材料Ⅱ
941781111.04,301611,珂玛科技,44925440000,15103679244.0,半导体
743088967.0,688385,复旦微电,44917410703,29412895803.0,半导体
604189255.0,600726,华电能源,44834596311,42385156299.0,电力
666273112.05,000893,亚钾国际,44613191308,39161758283.0,农化制品
95206858.0,603049,中策橡胶,43820473316,25304560929.0,汽车零部件
622073387.4,300347,泰格医药,43722902819,28765595727.0,医疗服务
1095377168.0,688536,思瑞浦,43630471873,42863720874.0,半导体
387591027.0,688047,龙芯中科,43135570000,43135570000.0,半导体
138373519.0,601021,春秋航空,43036887278,43036887278.0,航空机场
274042454.0,601878,浙商证券,42902212474,42902212474.0,证券Ⅱ
3198032026.46,301205,联特科技,42862842750,27594046695.0,通信设备
275810747.0,600871,石化油服,42842923583,30616247913.0,油服工程
500228926.64,000983,山西焦煤,42805341985,42805079404.0,煤炭开采
603150363.0,688223,晶科能源,42720755006,42720755006.0,光伏设备
674808976.0,603087,甘李药业,42644708223,40073915980.0,生物制品
2271138215.86,000811,冰轮环境,42617004676,42021037324.0,通用设备
1310503527.0,688220,翱捷科技-U,42541200411,42541200411.0,半导体
1055730692.09,002078,太阳纸业,42498816422,41343241774.0,造纸
439311553.53,300919,中伟新材,42467996180,37197149342.0,电池
1266341489.0,600909,华安证券,42303842121,42303842121.0,证券Ⅱ
429471721.8,001203,大中矿业,42282358397,36018338795.0,冶钢原料
383632337.76,002155,湖南黄金,42222838558,42218720737.0,贵金属
1924982054.74,301717,超纯应材,42213193910,7222880180.0,半导体
4410749637.0,600667,太极实业,42123659465,42123659465.0,工程咨询服务Ⅱ
744663091.0,600570,恒生电子,41868555998,41868555998.0,软件开发
3743461469.07,002407,多氟多,41807991823,37961850556.0,化学制品
298462959.0,600061,国投资本,41753458458,41753458458.0,多元金融
740417135.0,600352,浙江龙盛,41675181127,41675181127.0,化学制品
1020403777.07,000878,云南铜业,41591906286,34362096892.0,工业金属
607158784.0,688433,华曙高科,41424769885,41424769885.0,通用设备
195343895.0,600642,申能股份,41208148346,41205906774.0,电力
326068052.0,603260,合盛硅业,41058047061,41058047061.0,化学制品
256687661.41,000999,华润三九,41006328021,40965498383.0,中药Ⅱ
693725389.0,601108,财通证券,41004480182,41004480182.0,证券Ⅱ
949754183.0,600256,广汇能源,40972738999,40972738999.0,煤炭开采
703626992.0,688052,纳芯微,40951524164,35918530464.0,半导体
350054880.0,688728,格科微,40725187205,40697077505.0,半导体
1595179521.0,600392,盛和资源,40718161221,40718161221.0,小金属
1476595794.0,688826,频准激光,40648400000,7741245922.0,光学光电子
365253128.0,601555,东吴证券,40494928122,40494928122.0,证券Ⅱ
189129841.0,600968,海油发展,40457114712,40457114712.0,油服工程
2740123486.11,301018,申菱环境,40377470851,30510934344.0,通用设备
303012489.0,601665,齐鲁银行,40307668539,40307668539.0,银行Ⅱ
182217730.0,688188,柏楚电子,40279955307,40279955307.0,计算机设备
579237242.4,002555,三七互娱,40196358664,29685466878.0,游戏Ⅱ
1474392286.0,605376,博迁新材,40192224000,40192224000.0,金属新材料
495643287.0,688027,国盾量子,40189850311,31403873846.0,通信设备
637316697.0,688322,奥比中光-W,40160562729,31155261686.0,光学光电子
388301238.0,603699,纽威股份,40128642852,39241467601.0,通用设备
374386362.0,603806,福斯特,40018159069,40018159069.0,光伏设备
570856712.0,688213,思特威-W,39981247300,32150371725.0,半导体
255747408.91,300832,新产业,39898799902,34687426385.0,医疗器械
162819444.0,601963,重庆银行,39883556625,22374630091.0,银行Ⅱ
4729559121.0,600869,远东股份,39837381791,39837381791.0,电网设备
422927218.45,002945,华林证券,39825000000,39825000000.0,证券Ⅱ
129638414.0,600995,南网储能,39694392098,39694392098.0,电力
1812851402.0,688025,杰普特,39656520264,39656520264.0,自动化设备
174390792.0,603175,超颖电子,39638559415,4124513568.0,元件
574016477.0,603392,万泰生物,39626070477,39626070477.0,医疗器械
2895258622.18,300903,科翔股份,39498268995,31877170376.0,元件
925512172.0,603650,彤程新材,39416135311,39321269094.0,橡胶
53243591.0,300979,华利集团,39339570000,39339570000.0,纺织制造
290205130.0,601216,君正集团,39321161037,39321161037.0,化学原料
171759289.97,301696,三瑞智能,39312982800,2956592031.0,航空装备Ⅱ
297519197.37,002966,苏州银行,39162999216,38506879658.0,银行Ⅱ
1742306008.5,300346,南大光电,39126392279,37475589597.0,电子化学品Ⅱ
256659446.0,601136,首创证券,39114006678,39114006678.0,证券Ⅱ
331979695.0,688336,三生国健,39084390959,39084390959.0,生物制品
246439286.16,000987,越秀资本,39033290554,39003821284.0,多元金融
2773098105.6,301396,宏景科技,38983017600,25666502477.0,IT服务Ⅱ
1232004538.2,002138,顺络电子,38912923764,36983799469.0,元件
291785370.0,600021,上海电力,38829011077,38829011077.0,电力
647080671.0,688099,晶晨股份,38780344742,38780344742.0,半导体
397445152.19,002601,龙佰集团,38744030910,32171425195.0,化学原料
620705906.0,301236,软通动力,38705727179,32452925578.0,IT服务Ⅱ
1123702273.0,601162,天风证券,38684103299,33016206620.0,证券Ⅱ
65715977.0,688781,视涯科技-UW,38660000000,1578684850.0,光学光电子
125036329.0,600295,鄂尔多斯,38651100068,27282708068.0,冶钢原料
3016204833.87,300017,网宿科技,38608243500,36609284758.0,IT服务Ⅱ
185870088.0,601577,长沙银行,38003682975,37995460256.0,银行Ⅱ
690689174.63,002429,兆驰股份,37935762287,37913888693.0,黑色家电
484906808.7,300748,金力永磁,37879800359,31024994931.0,金属新材料
218354362.0,600901,江苏金租,37878806459,37869558899.0,多元金融
3107374483.0,688167,炬光科技,37870440561,37870440561.0,半导体
328058162.0,600143,金发科技,37853904863,37309136556.0,塑料
1764520554.0,688549,中巨芯-U,37847811120,15098352780.0,电子化学品Ⅱ
387555835.0,600578,京能电力,37757662525,37757662525.0,电力
242226995.31,000559,万向钱潮,37728779093,37716286356.0,汽车零部件
885166040.1,002738,中矿资源,37687316595,36738158691.0,能源金属
1603103536.0,688668,鼎通科技,37463793014,37463793014.0,通信设备
1129891423.0,600141,兴发集团,37434196546,37434196546.0,农化制品
362484307.03,300972,万辰集团,37296044352,34265901285.0,休闲食品
961736612.45,002273,水晶光电,37282849845,36624641717.0,光学光电子
116658879.0,688303,大全能源,37253775943,37253775943.0,光伏设备
202520113.0,601777,千里科技,37163442584,37163442584.0,摩托车及其他
769858734.77,002129,TCL中环,37156124722,37123933420.0,光伏设备
1521808962.88,300672,国科微,37144058513,35986670420.0,半导体
217546040.2,000002,万  科Ａ,37104506455,30219670540.0,房地产开发
210582323.0,600685,中船防务,37033867104,21521601742.0,航海装备Ⅱ
356314730.0,600863,华能蒙电,36982094723,33338894269.0,电力
1054330420.0,600711,盛屯矿业,36932808034,36932808034.0,工业金属
893402357.57,300001,特锐德,36841490461,35998275543.0,电网设备
743938437.45,000688,国城矿业,36748949563,36748815600.0,小金属
878506640.46,300677,英科医疗,36725110522,26116206639.0,医疗器械
310930374.91,002444,巨星科技,36694369751,35240708444.0,通用设备
59666773.58,301656,联合动力,36673061378,3105380634.0,汽车零部件
319367884.0,600060,海信视像,36526173389,36391722501.0,黑色家电
883425455.0,688180,君实生物-U,36519358711,27260640662.0,生物制品
643952805.0,603379,三美股份,36482227251,36482227251.0,化学制品
502366816.0,688472,阿特斯,36394969719,36394969719.0,光伏设备
499250304.6,002195,岩山科技,36322539322,35997492331.0,IT服务Ⅱ
135776872.76,000921,海信家电,36186422398,24137925126.0,白色家电
1276969316.0,603127,昭衍新药,36073623311,30218282612.0,医疗服务
421176046.71,002294,信立泰,36064314907,36056201560.0,化学制药
242919996.91,001286,陕西能源,36037500000,12973500000.0,电力
191410299.0,600177,雅戈尔,36016612417,35081812658.0,服装家纺
1255355417.0,601126,四方股份,36006819710,35660190988.0,电网设备
3703383335.0,600330,天通股份,35954613226,35954613226.0,电子化学品Ⅱ
1682748888.43,300122,智飞生物,35906846205,21214593720.0,生物制品
866576823.0,603929,亚翔集成,35857281600,35857281600.0,专业工程
712012376.62,002126,银轮股份,35820538579,33634739504.0,汽车零部件
310572842.0,600298,安琪酵母,35649867765,35211741349.0,调味发酵品Ⅱ
772466717.39,002517,恺英网络,35571779846,31289373855.0,游戏Ⅱ
338256468.0,603369,今世缘,35533801055,35533801055.0,白酒Ⅱ
352104037.0,688617,惠泰医疗,35465792706,35465792706.0,医疗器械
684119961.0,688411,海博思创,35407185474,25727364001.0,其他电源设备Ⅱ
212662560.0,688295,中复神鹰,35370000000,35370000000.0,化学纤维
419555118.08,002056,横店东磁,35169515040,35132909245.0,光伏设备
665172815.0,600157,永泰能源,34908422632,34908422632.0,电力
389010540.0,600588,用友网络,34785033624,34785033624.0,软件开发
97861484.0,601880,辽港股份,34650497803,27067185285.0,航运港口
223619611.4,002948,青岛银行,34572907061,20921836851.0,银行Ⅱ
532712826.05,002831,裕同科技,34565921508,19162575348.0,包装印刷
130142316.0,603298,杭叉集团,34526645612,34526645612.0,工程机械
2031997032.0,605358,立昂微,34424648048,34424648048.0,半导体
703961384.0,600331,宏达股份,34420048000,26476960000.0,农化制品
609205929.0,600348,华阳股份,34307325000,34307325000.0,煤炭开采
557363684.0,603225,新凤鸣,34254422988,34071702786.0,化学纤维
984034792.0,600707,彩虹股份,34125586351,34118739151.0,光学光电子
1297472734.0,605589,圣泉集团,33956865820,33938270200.0,塑料
508087037.1,002340,格林美,33930691746,33755279515.0,电池
367424831.0,600562,国睿科技,33902719032,33902719032.0,军工电子Ⅱ
598803936.31,000973,佛塑科技,33899085003,13951965977.0,塑料
1119486714.0,688169,石头科技,33897376011,33897376011.0,小家电
777648681.0,601696,中银证券,33863820000,33863820000.0,证券Ⅱ
512189075.86,000728,国元证券,33688365319,33688365319.0,证券Ⅱ
4391591181.0,300489,光智科技,33681762383,33558478341.0,光学光电子
1326534111.3,300870,欧陆通,33619740126,33616039926.0,其他电源设备Ⅱ
477336072.88,301707,展芯股份,33421517510,2198832402.0,半导体
788650500.43,300207,欣旺达,33420595648,31004916474.0,电池
114831995.0,600085,同仁堂,33395300880,33395300880.0,中药Ⅱ
132333628.0,600332,白云山,33263682817,28764528817.0,中药Ⅱ
117168581.0,601236,红塔证券,33087297627,33087297627.0,证券Ⅱ
825184091.76,300776,帝尔激光,33033002349,20766153410.0,光伏设备
2580004349.0,300209,行云科技,32948009750,26358407807.0,软件开发
235157128.48,002939,长城证券,32920923961,29397702589.0,证券Ⅱ
455853494.68,002841,视源股份,32854775750,24498022508.0,消费电子
1488675586.0,600737,中粮糖业,32788543335,32788543335.0,农产品加工
1673000167.67,300115,长盈精密,32767696931,32672551302.0,消费电子
5303538946.74,002716,湖南白银,32747828294,26940717818.0,贵金属
384145444.0,601611,中国核建,32730239542,32730239542.0,基础建设
498205749.0,688122,西部超导,32684620844,32684620844.0,航空装备Ⅱ
117268330.54,000883,湖北能源,32635976974,29870888943.0,电力
196907698.0,002252,上海莱士,32633730781,32611886431.0,生物制品
1558904559.36,300806,斯迪克,32630856303,23513875791.0,塑料
590036455.0,603308,应流股份,32607847775,32607847775.0,通用设备
351164034.0,600109,国金证券,32570157559,32570157559.0,证券Ⅱ
366192492.0,600733,北汽蓝谷,32536156746,30889672941.0,乘用车
484686172.0,600839,四川长虹,32406034438,32397009590.0,黑色家电
228096633.16,000729,燕京啤酒,32356831635,28810284537.0,非白酒
65796511.0,002032,苏 泊 尔,32353857910,32339132088.0,小家电
1749582365.3,002432,九安医疗,32347875964,30351221240.0,医疗器械
399355778.0,689009,九号公司-WD,32340541487,24710069547.0,摩托车及其他
232246174.25,300487,蓝晓科技,32330442451,19559557338.0,塑料
69823662.0,600956,新天绿能,32266917781,16835795814.0,电力
694055485.76,002261,拓维信息,32255185254,29340300314.0,软件开发
1955765906.0,600641,先导基电,32193441280,31641417280.0,半导体
1042435621.36,300811,铂科新材,32165538298,26401052483.0,金属新材料
1886895719.0,688195,腾景科技,32136231400,32136231400.0,光学光电子
192582244.0,600515,海南机场,32105119982,25784595147.0,航空机场
254648053.72,300251,光线传媒,32064121562,30091837786.0,影视院线
195393218.28,000876,新 希 望,31834622255,31815046210.0,饲料
1644499366.43,002222,福晶科技,31803007500,31661100418.0,光学光电子
142425433.0,688538,和辉光电-U,31761706538,13230142168.0,光学光电子
497363553.0,688266,泽璟制药-U,31685569864,31685569864.0,化学制药
830767048.0,688449,联芸科技,31546800000,20107939578.0,半导体
180771979.0,603198,迎驾贡酒,31504000000,31504000000.0,白酒Ⅱ
1789140599.14,001267,汇绿生态,31501916688,24421374673.0,通信设备
489778895.0,000661,长春高新,31427507234,30787012236.0,生物制品
342749447.0,601001,晋控煤业,31415349000,31415349000.0,煤炭开采
238955926.0,601866,中远海发,31385615561,23207922251.0,航运港口
1255809982.65,300438,鹏辉能源,31373391629,25191556955.0,电池
230308504.1,000423,东阿阿胶,31345116108,31289927354.0,中药Ⅱ
1175345331.63,300458,全志科技,31329385614,25670195691.0,半导体
146235834.0,688065,凯赛生物,31296764162,25312773112.0,化学制品
3302729426.17,002536,飞龙股份,31170638706,29572848340.0,汽车零部件
897828881.57,002378,章源钨业,31128731726,30985715781.0,小金属
1308025260.59,002131,利欧股份,31082464247,26873524904.0,通用设备
1427705991.0,603061,金海通,31050300000,31050300000.0,半导体
1269746979.0,688318,财富趋势,30944354538,30944354538.0,软件开发
3185018322.0,600353,旭光电子,30864927561,30864927561.0,其他电子Ⅱ
468452577.59,301626,苏州天脉,30848385600,14031908197.0,消费电子
320943221.0,688301,奕瑞科技,30833216280,30833216280.0,医疗器械
100287647.0,603568,伟明环保,30808799567,30808799567.0,环境治理
1197689577.68,002747,埃斯顿,30785668790,24889262217.0,自动化设备
779641580.0,600536,中国软件,30758930077,27790025181.0,IT服务Ⅱ
2406873985.0,688676,金盘科技,30699883711,30699883711.0,电网设备
315537068.0,603486,科沃斯,30683068379,30404890234.0,小家电
345763361.64,002673,西部证券,30661330496,30661330496.0,证券Ⅱ
84507632.1,000800,一汽解放,30659580474,30656821880.0,商用车
810537505.14,301550,斯菱智驱,30567038563,18705449156.0,汽车零部件
822187813.82,002245,蔚蓝锂芯,30526567951,28722412473.0,电池
457620865.85,002472,双环传动,30421417397,27091879781.0,汽车零部件
964955990.01,000060,中金岭南,30377619613,30377132263.0,工业金属
181425207.0,600688,上海石化,30362738400,21106982880.0,炼化及贸易
1944087381.4,000962,东方钽业,30351015958,28948863039.0,小金属
352289945.0,600301,华锡有色,30167143074,13130758627.0,小金属
581420655.0,600428,中远海特,30128245937,26849235701.0,航运港口
176606306.0,600079,ST人福,30114569054,28471648307.0,化学制药
43620535.0,600925,苏能股份,30104444445,7018432321.0,煤炭开采
222539576.8,000786,北新建材,30095533223,29870498647.0,装修建材
147714933.0,600483,福能股份,30025583377,30025583377.0,电力
227189473.0,603766,隆鑫通用,30022781847,30022781847.0,摩托车及其他
1055755429.65,002859,洁美科技,30022025111,28345899936.0,其他电子Ⅱ
225824382.38,000027,深圳能源,30019130370,30019130370.0,电力
1489769190.0,688835,C高凯,29985212400,5634835500.0,专用设备
104023262.0,601156,东航物流,29798417786,17730058586.0,物流
131642099.0,601990,南京证券,29785480172,28648776896.0,证券Ⅱ
344464422.0,600699,均胜电子,29774794810,26796874810.0,汽车零部件
1410861563.0,600961,株冶集团,29622015330,20757540309.0,工业金属
338116537.0,688599,天合光能,29375798782,29375798782.0,光伏设备
862406213.0,688635,长进光子,29371165200,5567733471.0,通信设备
1067344649.65,002240,盛新锂能,29307709781,29227895128.0,能源金属
230149739.0,603338,浙江鼎力,29266907406,29266907406.0,工程机械
1077774467.0,603179,新泉股份,29266665857,28432248257.0,汽车零部件
167551995.0,600282,南钢股份,29222531392,29222531392.0,普钢
1863765567.4,000737,北方铜业,29161208620,29158546976.0,工业金属
417370441.0,600563,法拉电子,29160000000,29160000000.0,元件
7083337234.65,002491,通鼎互联,29077069980,27811722337.0,通信设备
160653187.0,600517,国网英大,29049653580,29049653580.0,多元金融
1391608186.0,688362,甬矽电子,29001796721,29001796721.0,半导体
660700914.21,000967,盈峰环境,28989799525,28976679604.0,环保设备Ⅱ
989835659.0,688114,华大智造,28947872773,28886814868.0,医疗器械
841875597.0,688545,兴福电子,28929600000,14645610000.0,电子化学品Ⅱ
189592042.58,002244,滨江集团,28811970421,25534906888.0,房地产开发
5282385896.0,603186,华正新材,28753813096,28753813096.0,元件
255488991.33,000629,钒钛股份,28709028841,28707473289.0,冶钢原料
133021372.0,600398,海澜之家,28672538667,28672538667.0,服装家纺
794789891.0,688368,晶丰明源,28590030810,17353617259.0,半导体
1054744714.0,600259,中稀有色,28583594914,28583594914.0,小金属
542367470.99,300339,润和软件,28519472216,27848954174.0,IT服务Ⅱ
897571841.94,002025,航天电器,28516981879,28507656290.0,军工电子Ⅱ
1147530733.0,688333,铂力特,28447209444,28447209444.0,通用设备
769323750.12,300236,上海新阳,28395556883,25252925995.0,电子化学品Ⅱ
227968318.44,300896,爱美客,28392213084,20737584297.0,医疗美容
1247628284.0,688807,优迅股份,28351200000,5670240000.0,半导体
630697436.32,002768,国恩股份,28326608000,16366516363.0,塑料
1962513943.0,603823,百合花,28317167549,28317167549.0,化学制品
589941465.0,603606,东方电缆,28241442629,28241442629.0,电网设备
278082478.24,000539,粤电力Ａ,28141522165,13696873779.0,电力
727922291.63,002046,国机精工,28123210292,27807834999.0,通用设备
73321545.66,000429,粤高速Ａ,28079526272,17503720638.0,铁路公路
69566132.0,600329,达仁堂,28031434558,20642052558.0,中药Ⅱ
867219564.0,603920,世运电路,27980599669,27980599669.0,元件
436661488.0,603444,吉比特,27977881984,27977881984.0,游戏Ⅱ
1216456106.0,601069,西部黄金,27976783067,27245557085.0,贵金属
121742518.0,600777,新潮能源,27950037841,26164886327.0,油气开采Ⅱ
274742967.0,600637,东方明珠,27937387479,27937387479.0,电视广播Ⅱ
399409004.0,601933,永辉超市,27935366326,27935366326.0,一般零售
1040093622.0,603688,石英股份,27928932581,27928932581.0,非金属材料Ⅱ
419966268.0,603939,益丰药房,27872903253,27872903253.0,医药商业
435310323.0,601918,新集能源,27848324350,27848324350.0,煤炭开采
1185884403.0,601118,海南橡胶,27773486403,27773486403.0,种植业
149013328.86,000959,首钢股份,27762783185,26676754506.0,普钢
256147469.0,000415,渤海租赁,27706655343,24160254196.0,多元金融
882801478.89,000887,中鼎股份,27698944277,27654357592.0,汽车零部件
300995985.0,600546,山煤国际,27694912276,27694912276.0,煤炭开采
321456936.9,002157,正邦科技,27657986141,23285806086.0,养殖业
479526147.7,002797,第一创业,27651792000,27651792000.0,证券Ⅱ
67335016.0,600012,皖通高速,27645016764,18859408000.0,铁路公路
157423290.0,600369,西南证券,27577202865,27577202865.0,证券Ⅱ
550887485.37,000564,供销大集,27448256298,22944216878.0,一般零售
270245052.66,000582,北部湾港,27411049987,23488077148.0,航运港口
326192547.0,600499,科达制造,27348632136,27348632136.0,专用设备
667762846.87,000981,山子高科,27293095524,25971462134.0,汽车零部件
537083353.0,600884,杉杉股份,27284516985,22296583414.0,电池
1916435926.0,600095,湘财股份,27276651068,27276651068.0,证券Ⅱ
360377516.0,688192,迪哲医药-U,27235460049,27004085087.0,化学制药
498713026.87,002271,东方雨虹,27183404475,22198656316.0,装修建材
580820743.0,600312,平高电气,27151995393,27151995393.0,电网设备
268132964.22,002603,以岭药业,27148962360,22368677240.0,中药Ⅱ
2694958875.26,002015,协鑫能科,27141987546,27141987546.0,电力
2873362735.18,300456,赛微电子,27135818746,22145675886.0,半导体
496121172.0,603565,中谷物流,27069813398,27069813398.0,航运港口
173674051.46,301345,涛涛车业,27043079117,8687026711.0,摩托车及其他
186192105.0,600583,海油工程,27014477828,27014477828.0,油服工程
522916921.0,688127,蓝特光学,26992197050,26992197050.0,光学光电子
627318207.0,603067,振华股份,26949591161,26949591161.0,化学原料
2684519717.37,300684,中石科技,26934864424,18433777388.0,电子化学品Ⅱ
277912884.0,601717,中创智领,26923830944,23255859208.0,专用设备
53467370.0,601112,振石股份,26888660370,2823309825.0,玻璃玻纤
93264155.0,002608,江苏国信,26786585101,26786585101.0,电力
218200665.0,601000,唐山港,26785197335,26785197335.0,航运港口
135420683.45,003022,联泓新科,26778138400,26755358091.0,光伏设备
42457809.32,000877,天山股份,26735448769,26735443129.0,水泥
697865638.82,300432,富临精工,26723552582,26453109131.0,电池
273222775.0,601155,新城控股,26684018386,26684018386.0,房地产开发
252252191.85,300474,景嘉微,26664032757,20738593478.0,军工电子Ⅱ
283292957.0,600299,安迪苏,26547697195,26547697195.0,化学制品
386846663.0,688018,乐鑫科技,26536991691,26536991691.0,半导体
138193406.58,300413,芒果超媒,26526821157,14487705404.0,数字媒体
835571856.95,301297,富乐德,26522617628,20178276786.0,半导体
1248286009.48,002456,欧菲光,26499037337,25147521783.0,光学光电子
159915104.24,002223,鱼跃医疗,26435316618,24848274822.0,医疗器械
1137586302.98,300814,中富电路,26394386600,26394386600.0,元件
691356531.69,001339,智微智能,26329406864,13034542593.0,计算机设备
202799387.0,688297,中无人机,26257500000,26257500000.0,航空装备Ⅱ
452052579.9,300496,中科创达,26216294326,20981964502.0,IT服务Ⅱ
1295796938.0,603663,三祥新材,26212056808,26194251496.0,化学原料
572512616.88,002487,大金重工,26206439913,22340886619.0,风电设备
3119479702.99,000603,盛达资源,26205035761,25321887315.0,贵金属
134629524.0,600153,建发股份,26182833116,26182833116.0,物流
692269432.26,000951,中国重汽,26173796953,26173796953.0,商用车
1826763939.62,300602,飞荣达,26126063761,17872537860.0,消费电子
398246865.7,002266,浙富控股,26096357010,24212926145.0,环境治理
652671085.0,688652,京仪装备,26024880000,18705382500.0,半导体
480989154.0,688001,华兴源创,25950256014,25950256014.0,通用设备
634576953.0,603345,安井食品,25823226451,22724437095.0,食品加工
980621020.18,300623,捷捷微电,25761194292,23766697562.0,半导体
402061252.0,688102,斯瑞新材,25712989230,25638336579.0,金属新材料
180660800.0,600704,物产中大,25649052254,25649052254.0,物流
248593553.0,688568,中科星图,25535293619,25535293619.0,IT服务Ⅱ
951205785.0,603306,华懋科技,25526031647,25526031647.0,汽车零部件
369810446.75,000932,华菱钢铁,25491706075,25491706075.0,普钢
1298179284.0,688205,德科立,25411118335,25411118335.0,通信设备
3237273230.12,002396,星网锐捷,25364488306,25259793785.0,通信设备
200935632.0,600208,衢州发展,25356643584,25353769484.0,房地产开发
415188097.9,300012,华测检测,25326564621,21550786367.0,专业服务
336377497.64,002465,海格通信,25215432912,25175333027.0,军工电子Ⅱ
188218473.0,600816,建元信托,25201787530,14000993073.0,多元金融
435313745.0,600602,云赛智联,25124161368,19734945926.0,软件开发
1175437358.0,605111,新洁能,25123466978,25123466978.0,半导体
421748325.0,600595,中孚实业,25009327911,25009327911.0,工业金属
351425614.85,000739,普洛药业,24952874627,24942883233.0,化学制药
271249798.0,688608,恒玄科技,24946469610,24946469610.0,半导体
4302250591.01,300142,沃森生物,24917850269,24571810897.0,生物制品
535272391.0,600521,华海药业,24914276541,24914276541.0,化学制药
148259760.0,600998,九州通,24909802956,24909802956.0,医药商业
222170023.0,605090,九丰能源,24900038414,24874919342.0,燃气Ⅱ
814412565.72,300260,新莱应材,24831353129,17514213581.0,通用设备
204331654.1,002180,奔图科技,24754912049,23962126303.0,计算机设备
293974884.46,000750,国海证券,24714495226,22431309391.0,证券Ⅱ
477878605.0,603605,珀莱雅,24685146895,24685146895.0,化妆品
127661676.0,600161,天坛生物,24657821932,24657821932.0,生物制品
405039801.91,002756,永兴材料,24653113424,18005476490.0,能源金属
351423972.88,000738,航发控制,24620244499,24620244499.0,航空装备Ⅱ
497674201.0,603119,浙江荣泰,24579261137,24579261137.0,汽车零部件
1098455003.0,601099,太平洋,24538738932,24538738932.0,证券Ⅱ
317264983.0,601615,明阳智能,24537239260,24537239260.0,风电设备
136806070.0,600862,中航高科,24517664283,24517664283.0,航空装备Ⅱ
1015871490.4,300763,锦浪科技,24495717045,19858477912.0,光伏设备
184840163.0,603435,嘉德利,24473629882,1902145989.0,电子化学品Ⅱ
371897089.0,601666,平煤股份,24471408230,24471408230.0,煤炭开采
187542818.29,002152,广电运通,24461321545,24448943198.0,计算机设备
117248513.0,600323,瀚蓝环境,24452260909,24452260909.0,环境治理
281799150.0,688692,达梦数据,24386234000,15971369868.0,软件开发
1260821409.0,600745,*ST闻泰,24343641348,24343641348.0,半导体
1028501171.41,301583,托伦斯,24306327337,4040451432.0,半导体
2296869925.0,603618,杭电股份,24274197878,24274197878.0,电网设备
144566330.08,002007,华兰生物,24245176294,20896651757.0,生物制品
1276087382.0,600246,万通发展,24229053826,23573443576.0,房地产开发
515669566.87,002130,沃尔核材,24120059247,19892067892.0,其他电子Ⅱ
635975568.45,002430,杭氧股份,24116566013,24106164946.0,化学制品
208408011.0,600732,爱旭股份,24113218474,23999887939.0,光伏设备
818977335.0,600598,北大荒,24105339566,24105339566.0,种植业
265554957.0,688278,特宝生物,24103588794,24103588794.0,生物制品
373748675.1,000034,神州数码,24035725633,20073854961.0,IT服务Ⅱ
792047064.0,688502,茂莱光学,23963091472,23963091472.0,光学光电子
131961579.16,000029,深深房Ａ,23905525800,21069925800.0,房地产开发
334167770.0,603407,长裕集团,23823992243,2097619453.0,化学原料
222009865.63,002459,晶澳科技,23763773172,23742643394.0,光伏设备
234237429.0,688778,厦钨新能,23730574723,23730574723.0,电池
461366256.69,000830,鲁西化工,23727814877,23726036125.0,化学原料
171658941.0,600575,淮河能源,23722082083,12863524125.0,电力
104617608.0,000791,甘肃能源,23712468514,14149472011.0,电力
1504373556.0,603588,高能环境,23686295806,23686295806.0,环境治理
370057946.48,000062,深圳华强,23627091584,23601170824.0,其他电子Ⅱ
850336809.0,688403,汇成股份,23615874506,23615874506.0,半导体
130638213.02,000088,盐 田 港,23605654391,14359660169.0,航运港口
517364602.0,601799,星宇股份,23385717239,23385717239.0,汽车零部件
322159325.0,600166,福田汽车,23356331083,23356331083.0,商用车
154490376.0,603730,岱美股份,23355213312,23355213312.0,汽车零部件
174618902.5,000513,丽珠集团,23325321382,14912212471.0,化学制药
209267731.0,601865,福莱特,23288232597,18896193897.0,光伏设备
163965410.0,600100,同方股份,23284569105,23284569105.0,计算机设备
456924324.93,002335,科华数据,23258472909,20339620246.0,其他电源设备Ⅱ
267254634.0,603596,伯特利,23248922620,23248922620.0,汽车零部件
113825227.0,600566,济川药业,23241762367,23171867659.0,中药Ⅱ
86181775.0,601228,广州港,23237156561,23237156561.0,航运港口
1335476822.1,300568,星源材质,23220986179,18768932048.0,电池
130147482.0,688248,南网科技,23152700000,23152700000.0,电网设备
283980300.0,603160,汇顶科技,23150023268,23150023268.0,半导体
317894627.0,600390,五矿资本,23120056459,23120056459.0,多元金融
395743355.02,000683,博源化工,23118692303,20765879108.0,化学原料
375036779.0,600388,紫金龙净,23114842533,23114842533.0,环保设备Ⅱ
884540012.0,601609,金田股份,23077319877,23077319877.0,工业金属
263874882.0,688727,恒坤新材,23059081872,2772729533.0,半导体
348133626.0,600126,杭钢股份,23032429546,23032429546.0,普钢
502517759.13,300953,震裕科技,23014402236,16539322811.0,电池
147162742.0,601399,国机重装,23011243289,23011243289.0,专用设备
2261954076.0,688596,正帆科技,22999341811,22999341811.0,专用设备
468519009.64,002423,中粮资本,22994973639,22994973639.0,多元金融
1338603647.71,301486,致尚科技,22952345540,12999971330.0,消费电子
672277281.0,603236,XD移远通,22951775246,22951775246.0,通信设备
105685833.0,603816,顾家家居,22948921367,20225673777.0,家居用品
1890639860.0,688185,康希诺,22920723857,10611517755.0,生物制品
267534420.0,605198,安德利,22898561760,18537126720.0,农产品加工
504676414.0,688531,日联科技,22860243279,15845217067.0,专用设备
297213245.76,300024,机器人,22858051270,22851550722.0,自动化设备
1622697867.7,300083,创世纪,22837711481,20046189970.0,自动化设备
93702214.0,603885,吉祥航空,22817935419,22817935419.0,航空机场
768716466.0,603678,火炬电子,22808175623,22808175623.0,军工电子Ⅱ
586998178.2,000733,振华科技,22770821920,22767314888.0,军工电子Ⅱ
883148966.0,601606,长城军工,22755256328,22755256328.0,地面兵装Ⅱ
182062336.0,600977,中国电影,22740060000,22740060000.0,影视院线
666691317.0,601128,常熟银行,22728156690,22728156690.0,银行Ⅱ
87562383.0,688475,萤石网络,22711500000,22711500000.0,计算机设备
534445008.0,688279,峰岹科技,22709705702,18457138022.0,半导体
450773632.08,002545,东方铁塔,22641929911,20568979486.0,农化制品
914594666.43,002670,国盛证券,22640490440,18993202418.0,证券Ⅱ
1682498352.1,001337,四川黄金,22638000000,22638000000.0,贵金属
176941983.6,002683,广东宏大,22636976027,20631396927.0,化学制品
617455805.74,300726,宏达电子,22630599483,11783391344.0,军工电子Ⅱ
587127102.66,300255,常山药业,22590516381,22556964681.0,化学制药
243084882.2,002926,华西证券,22575000000,22575000000.0,证券Ⅱ
1139575185.66,300843,胜蓝股份,22508207833,22067089179.0,消费电子
2762669093.47,002975,博杰股份,22490607332,14940712639.0,自动化设备
512284137.55,300073,当升科技,22484771425,20901594344.0,电池
391971607.0,688400,凌云光,22479170726,21616685197.0,专用设备
51883468.0,688563,航材股份,22458990209,6774422847.0,航空装备Ⅱ
373798196.9,000400,许继电气,22450434368,22372046022.0,电网设备
490353579.18,000547,航天发展,22442494497,22311259710.0,军工电子Ⅱ
481469688.0,603358,华达科技,22397349864,22017224258.0,汽车零部件
2546216832.83,300085,银之杰,22379305743,20649247276.0,软件开发
175829285.62,300003,乐普医疗,22379176052,19167992336.0,医疗器械
303489967.0,000155,川能动力,22375560305,22375560305.0,电力
1648641958.95,300679,电连技术,22345532000,18908214734.0,消费电子
310081934.98,000623,吉林敖东,22339325829,22251501753.0,中药Ⅱ
839022870.0,603290,斯达半导,22330900705,22330900705.0,半导体
3663176313.0,688143,长盈通,22317712987,21207488026.0,通信设备
266093535.0,601016,节能风电,22316701604,20590456217.0,电力
154839650.26,002262,恩华药业,22305630734,19460754236.0,化学制药
672179178.0,688392,骄成超声,22290245136,22290245136.0,电池
702283455.66,300383,光环新网,22290151303,22259372692.0,通信服务
92332843.0,688349,三一重能,22258907482,21879647687.0,风电设备
200773201.0,600486,扬农化工,22258485545,22258485545.0,农化制品
160018261.78,002065,东华软件,22246047683,20443431290.0,IT服务Ⅱ
1295606417.0,688123,聚辰股份,22219346223,22219346223.0,半导体
274731784.0,600038,中直股份,22210907140,18121455137.0,航空装备Ⅱ
143358008.0,603301,振德医疗,22189351760,22189351760.0,医疗器械
734934716.56,002317,众生药业,22183185450,20045382839.0,中药Ⅱ
147338733.0,601608,中信重工,22165038635,22165038635.0,专用设备
199910593.0,600535,天士力,22140339074,22140339074.0,中药Ⅱ
1940580392.0,603773,沃格光电,22121858205,22121858205.0,光学光电子
384140277.97,001301,尚太科技,22077559471,15748438480.0,电池
433212384.0,688206,概伦电子,22056599300,19104689820.0,软件开发
3227714047.0,600664,哈药股份,22036961415,22036961415.0,化学制药
197032086.43,000709,河钢股份,22018067926,22014428408.0,普钢
191502381.0,603737,三棵树,21992863245,21992863245.0,装修建材
836448844.38,002237,恒邦股份,21964345467,18314588283.0,贵金属
507591450.0,688352,颀中科技,21959496776,6764033970.0,半导体
122588641.29,002085,万丰奥威,21954896357,21954896357.0,汽车零部件
161345026.39,300627,华测导航,21953288804,18169695818.0,通信设备
97471266.0,600848,上海临港,21920412065,20803097652.0,房地产开发
369557172.57,001359,平安电工,21884735846,5471388467.0,塑料
298020808.95,301606,绿联科技,21869895874,8697086590.0,消费电子
304227271.0,600873,梅花生物,21845042454,21845042454.0,化学制品
153593989.0,600098,广州发展,21841538832,21841538832.0,电力
692628253.05,002497,雅化集团,21841059754,20079185304.0,化学制品
1033807832.3,300558,贝达药业,21788881827,21729571762.0,化学制药
374773096.0,600906,财达证券,21773950000,14253616515.0,证券Ⅱ
1159170239.45,002364,中恒电气,21770514405,21561602399.0,其他电源设备Ⅱ
826858636.0,603881,数据港,21766823075,21766823075.0,通信服务
48597001.0,688425,铁建重工,21760667760,21760667760.0,工程机械
1684161926.84,301171,易点天下,21728642449,17631208141.0,广告营销
2830623675.75,002552,宝鼎科技,21727178536,20636184184.0,元件
266967454.0,688097,博众精工,21680282513,21680282513.0,自动化设备
2561184753.0,600396,华电辽能,21663517278,21663517278.0,电力
405332313.0,603876,鼎胜新材,21614755374,21614755374.0,工业金属
927836550.0,688372,伟测科技,21602826430,21602826430.0,半导体
311569989.16,003035,南网能源,21553030298,21553030298.0,电力
121954486.0,601928,凤凰传媒,21504405000,21504405000.0,出版
733040973.8,002518,科士达,21501572721,20871074328.0,其他电源设备Ⅱ
197867968.0,002468,申通快递,21492462411,20727106419.0,物流
61904795.0,688819,天能股份,21473689000,21473689000.0,电池
222873862.0,600320,振华重工,21446771895,13505640068.0,专用设备
790585815.46,300503,昊志机电,21418882149,16771858253.0,通用设备
626542818.0,688343,云天励飞-U,21410785245,21410785245.0,IT服务Ⅱ
365875063.67,002498,汉缆股份,21391298280,21391298280.0,电网设备
166589205.79,000598,兴蓉环境,21335662355,21332800389.0,环境治理
542585821.77,001270,铖昌科技,21221590207,21086543238.0,军工电子Ⅱ
534524024.0,603077,和邦生物,21196098547,21196098547.0,农化制品
1419152517.82,000997,新 大 陆,21153484465,21035334275.0,计算机设备
323634935.14,002624,完美世界,21126255920,19904012816.0,游戏Ⅱ
123069313.0,601106,中国一重,21121971415,21121971415.0,专用设备
829440891.0,603950,长源东谷,21110639004,21093574944.0,汽车零部件
190571494.0,601333,广深铁路,21108940260,16843666260.0,铁路公路
295843274.0,601677,明泰铝业,21098641940,21098641940.0,工业金属
3460838711.0,600172,黄河旋风,21070315194,18747531663.0,通用设备
129280154.36,002153,石基信息,21069376453,12350176567.0,软件开发
1583591829.0,688503,聚和材料,21056926941,21056926941.0,光伏设备
171189683.0,600765,中航重机,21020770832,21020770832.0,航空装备Ⅱ
65775854.0,603899,晨光股份,20999187995,20999187995.0,文娱用品
480487952.0,600316,洪都航空,20961257186,20961257186.0,航空装备Ⅱ
2258937142.0,600186,莲花控股,20957418653,20915026622.0,调味发酵品Ⅱ
333690514.0,603991,领先股份,20938028338,12276349241.0,半导体
248477034.0,600008,首创环保,20920683429,20920683429.0,环境治理
27410779.0,600548,深高速,20886555925,14109725840.0,铁路公路
827801095.15,300747,锐科激光,20874672000,19401913711.0,自动化设备
1064449826.0,600114,东睦股份,20853142515,19255819821.0,通用设备
112463531.04,301035,润丰股份,20835121005,20792008646.0,农化制品
1473362817.4,300398,飞凯材料,20811913958,20709030493.0,电子化学品Ⅱ
123719338.71,002299,圣农发展,20729408971,20326243596.0,养殖业
182885678.0,601567,三星电气,20628473992,20628473992.0,电网设备
775117316.04,300199,翰宇药业,20614852782,17381740503.0,化学制药
148816809.0,600516,方大炭素,20572708580,20572708580.0,冶钢原料
944187096.8,300738,奥飞数据,20551357088,20544891322.0,通信服务
457195501.0,688131,皓元医药,20528046037,20528046037.0,医疗服务
3651833665.66,000506,招金黄金,20512712163,20505849699.0,贵金属
405023253.0,603530,神马电力,20478765776,20291752822.0,电网设备
216852944.0,600550,保变电气,20477796698,20477796698.0,电网设备
911301521.0,601101,昊华能源,20476770508,20476770508.0,煤炭开采
132867523.0,600582,天地科技,20444629126,20444629126.0,专用设备
138313649.0,600754,锦江酒店,20430306470,17396046010.0,酒店餐饮
174828531.0,000825,太钢不锈,20392567110,20392567110.0,特钢Ⅱ
374754526.92,300779,惠城环保,20374520804,15568114087.0,环境治理
219986166.43,000158,常山北明,20318418524,20182356385.0,IT服务Ⅱ
1039670124.0,688257,新锐股份,20285533231,20285533231.0,通用设备
1490432022.23,000620,盈新发展,20257761888,16117533412.0,房地产开发
305783129.0,601997,贵阳银行,20218775360,20218775360.0,银行Ⅱ
103685123.0,600511,国药股份,20205590286,14818617235.0,医药商业
158580963.0,603233,大参林,20180502094,20180502094.0,医药商业
172851984.0,600808,马钢股份,20175784707,15635508107.0,普钢
321410050.0,600170,上海建工,20171083219,20171083219.0,房屋建设Ⅱ
816940266.0,603667,五洲新春,20134633501,19243955564.0,通用设备
2732483071.0,600110,诺德股份,20128098811,20128098811.0,电池
954769270.0,603005,晶方科技,20106453696,20106453696.0,半导体
704535568.0,600500,中化国际,20058632234,20058632234.0,化学制品
203888031.0,603728,鸣志电器,20056094100,20056094100.0,电机Ⅱ
426741351.81,000519,中兵红箭,20011072571,20011072571.0,地面兵装Ⅱ
226622755.62,002895,川恒股份,20005774007,19790493513.0,农化制品
267445110.85,000937,冀中能源,19978673890,19412410118.0,煤炭开采
348681714.0,688584,上海合晶,19962097350,10240645861.0,半导体
183046118.0,600970,中材国际,19951996352,19951996352.0,专业工程
410564325.0,603341,龙旗科技,19910703536,10188028811.0,消费电子
31847776.0,601158,重庆水务,19824124391,19824124391.0,环境治理
214642712.22,300699,光威复材,19794491120,19604684919.0,航空装备Ⅱ
1190861278.19,300821,东岳硅材,19776000000,19772551560.0,化学制品
90789670.83,301301,川宁生物,19755793050,5479510528.0,化学制药
1358406588.0,688800,瑞可达,19740091656,19740091656.0,其他电子Ⅱ
80631499.0,603833,欧派家居,19734592404,19734592404.0,家居用品
259689998.0,600179,安通控股,19718915722,17998217787.0,航运港口
369306614.0,601375,中原证券,19685831128,14617483528.0,证券Ⅱ
91577051.0,600004,白云机场,19638603837,18034393316.0,航空机场
206106350.1,002500,山西证券,19636050362,19636050362.0,证券Ⅱ
457693288.13,300724,捷佳伟创,19567044897,16312997780.0,光伏设备
954596858.21,300323,华灿光电,19524675528,10720740670.0,光学光电子
1322968206.22,301319,唯特偶,19494216041,14692445236.0,电子化学品Ⅱ
210541402.35,002120,韵达股份,19395656871,18833219118.0,物流
654622993.0,601137,博威合金,19390840804,19390840804.0,金属新材料
251054024.0,600518,康美药业,19360455366,19351293063.0,中药Ⅱ
1019890054.0,688388,嘉元科技,19348482241,19348482241.0,电池
319620534.0,603132,金徽股份,19315500000,19315500000.0,工业金属
113262753.0,600132,重庆啤酒,19305611088,19305611088.0,非白酒
83679307.97,000898,鞍钢股份,19300595791,16392398516.0,普钢
733864066.0,600577,精达股份,19260557737,19260557737.0,电网设备
642664360.98,300835,龙磁科技,19240590579,13484894501.0,金属新材料
87822204.69,001386,马可波罗,19238212000,1731439080.0,家居用品
521740973.0,603124,江南新材,19231079008,10240482480.0,金属新材料
1112099584.24,002980,华盛昌,19227365409,10336319879.0,电网设备
131171499.0,600927,永安期货,19203887245,19203887245.0,多元金融
600802802.0,688813,泰金新能,19193600000,3608034041.0,专用设备
966065523.0,603002,宏昌电子,19177267587,19177267587.0,电子化学品Ⅱ
210479752.85,002265,建设工业,19173229954,19173229954.0,汽车零部件
1028456437.74,300131,英唐智控,19159128907,17593475670.0,其他电子Ⅱ
149709571.0,603658,安图生物,19154158223,19154158223.0,医疗器械
235433280.8,003021,兆威机电,19144823108,14834652038.0,电机Ⅱ
190491900.93,002318,久立特材,19142774405,18689351689.0,特钢Ⅱ
1783096526.74,002192,融捷股份,19133991909,19094378965.0,能源金属
173473586.0,600967,内蒙一机,19111154110,19111154110.0,地面兵装Ⅱ
169407260.84,301286,侨源股份,19104775000,7701879130.0,化学制品
31044077.34,002461,珠江啤酒,19101024782,19101024782.0,非白酒
256110455.08,000686,东北证券,19051286728,19051286728.0,证券Ⅱ
308675720.0,688726,拉普拉斯,19038171097,10329852544.0,光伏设备
746355265.0,603516,淳中科技,19025910914,19025910914.0,计算机设备
746200102.2,300762,上海瀚讯,19022875765,18367998831.0,军工电子Ⅱ
488862223.0,603115,海星股份,19021188802,19021188802.0,元件
34911087.0,600007,中国国贸,19007421417,19007421417.0,房地产开发
71826418.0,601326,秦港股份,18997200800,16175700600.0,航运港口
1021198451.0,688268,华特气体,18932692595,18932692595.0,电子化学品Ⅱ
100211771.81,002773,康弘药业,18924043311,14107681872.0,生物制品
1323534731.63,301183,东田微,18898018600,13853100408.0,光学光电子
143474650.0,601969,海南矿业,18872683928,18758252618.0,油气开采Ⅱ
217094313.0,600339,中油工程,18871038452,18871038452.0,油服工程
166295976.0,601187,厦门银行,18869764399,18828667658.0,银行Ⅱ
254403154.0,688005,容百科技,18851642678,18851642678.0,电池
1880122962.0,600397,江钨装备,18838936554,18838936554.0,专用设备
111417602.89,002901,大博医疗,18784064987,13085262558.0,医疗器械
335113158.72,301285,鸿日达,18763569300,18763569300.0,消费电子
295935571.16,002913,奥士康,18727443341,18023950905.0,元件
715206409.53,001896,豫能控股,18706079106,18706079106.0,电力
105607551.19,000009,中国宝安,18699301246,18676148371.0,综合Ⅱ
502294853.0,600629,华建集团,18661333170,18661333170.0,工程咨询服务Ⅱ
123888486.0,688785,恒运昌,18625411386,3726213089.0,其他电源设备Ⅱ
397030922.55,300277,汽轮科技,18623776248,9399704952.0,IT服务Ⅱ
552376558.0,601975,招商南油,18580968372,18580968372.0,航运港口
164689222.0,603529,爱玛科技,18564048930,18274451983.0,摩托车及其他
779058747.0,601020,华钰矿业,18555801116,18555801116.0,工业金属
405363819.0,688615,合合信息,18541600000,12803007153.0,软件开发
709117425.42,301123,奕东电子,18522481600,13028386746.0,消费电子
1576490636.0,688233,神工股份,18503718216,18503718216.0,半导体
295037441.0,603871,嘉友国际,18495477056,18495477056.0,物流
519393803.05,000711,ST京蓝,18459357644,14731342875.0,环境治理
97749037.92,001365,天海电子,18453750000,2021323457.0,汽车零部件
155116564.86,300257,开山股份,18451802284,17728597014.0,通用设备
725669643.0,600226,亨通股份,18441163589,18441163589.0,电力
196975195.0,688281,华秦科技,18373989202,18373989202.0,航空装备Ⅱ
218688304.96,002044,美年健康,18357850899,18170127571.0,医疗服务
496058739.0,688270,ST臻镭,18354257323,18354257323.0,半导体
54856887.0,600835,上海机电,18272326674,14629988002.0,专用设备
167769943.0,601139,深圳燃气,18267327289,18267327289.0,燃气Ⅱ
177171359.0,600623,华谊集团,18227621000,16133898704.0,化学原料
156209092.7,002568,百润股份,18217998530,13329278207.0,非白酒
91256469.0,603337,杰克科技,18217080600,17859219208.0,专用设备
1642470493.13,300179,四方达,18200075657,14075479413.0,通用设备
127839765.0,600057,厦门象屿,18198089605,13412990151.0,物流
362500953.1,002925,盈趣科技,18180522889,17223983119.0,消费电子
198238133.0,603000,人民网,18144390229,18144390229.0,数字媒体
860685297.0,688700,东威科技,18130866634,18130866634.0,专用设备
508618708.0,605196,华通线缆,18088415207,17960209116.0,电网设备
332071539.2,000902,新洋丰,18055626030,16444653759.0,农化制品
53240539.0,600655,豫园股份,18055206897,18048886707.0,一般零售
239404222.15,001331,胜通能源,18043744320,12602427674.0,燃气Ⅱ
913483215.58,301392,汇成真空,18039000000,7359174385.0,专用设备
359120931.04,000969,安泰科技,18016407659,17859150288.0,金属新材料
565324470.05,000032,深桑达Ａ,18008957389,18008957389.0,专业工程
93418779.0,600606,绿地控股,17989399442,17989399442.0,房地产开发
205149589.2,002611,东方精工,17954967143,14808445400.0,专用设备
594649385.0,600459,贵研铂业,17928800527,16546402299.0,小金属
65841779.0,601107,四川成渝,17920231600,12673656400.0,铁路公路
739886133.51,002957,科瑞技术,17861854279,17806403495.0,自动化设备
107824586.0,600131,国网信通,17847056325,17830945772.0,IT服务Ⅱ
203173612.08,002389,航天彩虹,17817130820,17814329674.0,航空装备Ⅱ
326484170.87,301219,腾远钴业,17816970889,12716596348.0,能源金属
923772543.13,300975,商络电子,17800315200,12749618918.0,元件
1318183040.53,300773,拉卡拉,17799607128,16838357634.0,多元金融
144818708.89,000875,电投绿能,17773626067,16377955348.0,电力
135031593.0,601098,中南传媒,17762440000,17762440000.0,出版
516210906.94,002979,雷赛智能,17761341220,12520494970.0,自动化设备
629815082.39,002149,西部材料,17756353145,17753619940.0,小金属
857729009.92,002745,木林森,17750630132,12726504488.0,光学光电子
155512846.0,603733,仙鹤股份,17742567623,17742567623.0,造纸
613858554.82,300088,长信科技,17733908411,17647067019.0,光学光电子
907907962.25,300593,新雷能,17707150028,14696556609.0,其他电源设备Ⅱ
233673021.09,000581,威孚高科,17701846039,14536145107.0,汽车零部件
644947229.23,002815,崇达技术,17697729986,11144216481.0,元件
298337712.0,002739,儒意电影,17696705573,17597266314.0,影视院线
375597202.1,002402,和而泰,17682908638,15673865018.0,家电零部件Ⅱ
86410786.6,000935,四川双马,17681278112,17681278112.0,多元金融
437544355.88,002326,永太科技,17577425084,15423612254.0,化学制品
140952790.12,301275,汉朔科技,17571840000,12515744093.0,其他电子Ⅱ
824403693.0,601519,大智慧,17544391200,17544391200.0,软件开发
193795845.0,601858,中国科传,17509575000,17509575000.0,出版
403861180.86,001287,中电港,17447306227,17447306227.0,其他电子Ⅱ
85407867.23,300888,稳健医疗,17430830747,17352792465.0,个护用品
423972439.3,001696,宗申动力,17427309722,13567080985.0,通用设备
1170857715.2,301128,强瑞技术,17402752382,15308382155.0,专用设备
109384575.0,688520,神州细胞,17345981132,16423981132.0,生物制品
80951738.0,688363,华熙生物,17316332800,17316332800.0,医疗美容
189918067.0,601636,旗滨集团,17308124309,17308124309.0,玻璃玻纤
367052900.46,301362,民爆光电,17278390192,4847440192.0,照明设备Ⅱ
154013587.0,688208,道通科技,17270703811,17270703811.0,计算机设备
89806905.0,688561,奇安信-U,17247348888,17247348888.0,软件开发
186934307.0,600612,老凤祥,17236730324,10448762309.0,饰品
573853726.0,603938,三孚股份,17202797385,17202797385.0,化学原料
505472634.5,000723,美锦能源,17173658822,17141186564.0,焦炭Ⅱ
925162403.0,600345,长江通信,17159607592,11013777002.0,通信设备
558348293.0,605020,永和股份,17143076344,16878129004.0,化学制品
265237569.0,601083,锦江航运,17121207600,2568207600.0,航运港口
228493061.0,600739,辽宁成大,17110831031,17110831031.0,生物制品
390500185.0,688772,珠海冠宇,17108342749,17108342749.0,电池
118288535.0,600820,隧道股份,17103882751,17103882751.0,基础建设
1320967445.0,603283,赛腾股份,17090472261,17090472261.0,自动化设备
954069311.0,600552,凯盛科技,17087938712,17087938712.0,光学光电子
983976019.53,300657,弘信电子,17086532894,16929916163.0,元件
199034336.86,300638,广和通,17068065719,10066834181.0,通信设备
624348617.0,600490,鹏欣资源,17061359379,15363110886.0,工业金属
423646534.93,300676,华大基因,17058970319,16965946041.0,医疗服务
1562794056.78,300607,拓斯达,17056533453,12343552228.0,自动化设备
87160523.0,605296,神农集团,17039347411,16772335455.0,养殖业
453169419.56,000833,粤桂股份,17036226374,9636729288.0,综合Ⅱ
178588171.0,688582,芯动联科,17033735974,17033735974.0,半导体
1160284260.39,002947,恒铭达,17008634244,13187199242.0,消费电子
762922308.0,600403,大有能源,16998676178,16998676178.0,煤炭开采
137832737.0,688523,航天环宇,16983171200,16983171200.0,航天装备Ⅱ
153671569.0,600380,健康元,16977327422,16977327422.0,化学制药
494671597.58,300723,一品红,16970097219,15749101523.0,化学制药
491352539.29,300735,光弘科技,16934787017,15918077503.0,消费电子
63037326.8,300140,节能环境,16920905907,16900151967.0,环境治理
169315113.0,600120,浙江东方,16906138385,16906138385.0,多元金融
415108088.32,002270,华明装备,16875924866,16875654429.0,电网设备
1054310555.0,600531,豫光金铅,16869214637,16869214637.0,工业金属
138069890.72,000591,太阳能,16868964852,16862670832.0,电力
313106886.99,300718,长盛轴承,16857112873,11095404245.0,通用设备
2597180985.14,300319,麦捷科技,16855302273,16165621478.0,元件
1101409190.51,301389,隆扬电子,16854075000,16854075000.0,消费电子
149754962.43,000543,皖能电力,16842794549,16842794549.0,电力
45453686.0,603092,德力佳,16800004200,1452009468.0,风电设备
525393474.0,688380,中微半导,16799315400,16799315400.0,半导体
376112562.76,300102,乾照光电,16777686322,16693351954.0,光学光电子
103626490.0,600062,华润双鹤,16772945100,16767340016.0,化学制药
632367051.0,688661,和林微纳,16760821599,16760821599.0,半导体
297266806.0,688686,奥普特,16752369108,16752369108.0,自动化设备
127984301.1,002145,钛能化学,16749357605,16748486735.0,化学原料
111211907.0,603638,艾迪精密,16662731407,16662731407.0,工程机械
175864032.0,603355,莱克电气,16634243547,16634243547.0,小家电
151443097.0,000685,中山公用,16629393703,14123773380.0,环境治理
57691333.0,300146,汤臣倍健,16629185215,11017647418.0,食品加工
608906116.62,000628,高新发展,16581819600,9048670196.0,房屋建设Ⅱ
109539260.0,600032,浙江新能,16568212982,16568212982.0,电力
720764120.0,688003,天准科技,16568183799,16568183799.0,自动化设备
250041125.55,002249,大洋电机,16553483797,12505941207.0,电机Ⅱ
100267899.0,688709,成都华微,16526180325,5754315213.0,半导体
207462064.8,301029,怡合达,16505023044,11756318496.0,自动化设备
409792638.0,688332,中科蓝讯,16493829900,16493829900.0,半导体
128724004.11,300761,立华股份,16469724267,12586025689.0,养殖业
1002077752.77,300613,富瀚微,16461027788,15527696551.0,半导体
674188389.18,300364,中文在线,16449532664,14927314271.0,数字媒体
237933503.0,603162,海通发展,16443715257,5051271663.0,航运港口
408427656.0,688150,莱特光电,16415429092,16415429092.0,电子化学品Ⅱ
302354431.0,605289,罗曼股份,16405628750,16392017530.0,专业工程
247057977.0,600171,上海贝岭,16383217532,16383217532.0,半导体
235894781.0,603171,税友股份,16379766950,16361425900.0,IT服务Ⅱ
560742824.0,600888,新疆众和,16369525902,16369525902.0,工业金属
61160004.0,603858,步长制药,16356356535,16356356535.0,中药Ⅱ
671232818.47,002792,通宇通讯,16348922496,10544046604.0,通信设备
241298044.0,600776,东方通信,16340560833,12437560833.0,通信设备
428567889.03,002171,楚江新材,16310525614,16218101774.0,工业金属
868152635.26,002827,高争民爆,16293075260,16231493839.0,化学制品
284335750.6,002958,青农商行,16278217552,15938551855.0,银行Ⅱ
146055053.42,002439,启明星辰,16256990751,9777256868.0,软件开发
406756954.0,603009,北特科技,16249146222,16249146222.0,汽车零部件
90033258.94,000050,深天马Ａ,16246623245,16246479007.0,光学光电子
2756376227.0,603738,泰晶科技,16242004538,16242004538.0,元件
1007039783.66,301196,唯科科技,16240707436,10660994334.0,塑料
560420149.83,000528,柳    工,16222573619,16200070675.0,工程机械
150834378.0,601966,玲珑轮胎,16215609728,16215609728.0,汽车零部件
188110600.97,002936,郑州银行,16183922617,12512146686.0,银行Ⅱ
53807836.0,601921,浙版传媒,16177777783,16177777783.0,出版
301998675.63,002539,云图控股,16171421173,11914336639.0,农化制品
564886535.0,688484,南芯科技,16161953706,16161953706.0,半导体
1625183798.0,688308,欧科亿,16135397167,16135397167.0,通用设备
467773556.5,301316,慧博云通,16123859950,15630332711.0,IT服务Ⅱ
56609129.0,603786,科博达,16109843763,16109843763.0,汽车零部件
407057690.0,601038,一拖股份,16090600338,10478019538.0,专用设备
83807758.0,688708,佳驰科技,16063156536,5725459835.0,航空装备Ⅱ
157129990.0,600867,通化东宝,15981709485,15981709485.0,生物制品
409252690.05,301093,华兰股份,15967802465,15245022554.0,医疗器械
823012055.86,301086,鸿富瀚,15959580560,8845677428.0,消费电子
88451516.0,600928,西安银行,15955555558,15879841097.0,银行Ⅱ
146810654.0,600435,北方导航,15955374252,15955374252.0,地面兵装Ⅱ
497571097.78,301603,乔锋智能,15939112400,4980312675.0,通用设备
488387829.32,300170,汉得信息,15918421578,15212398473.0,IT服务Ⅱ
634967805.0,600162,香江控股,15917293654,15917293654.0,房地产开发
166046956.02,002312,川发龙蟒,15913388927,15887483714.0,农化制品
26258153.0,001213,中铁特货,15866666665,15866666665.0,铁路公路
441907738.6,002151,北斗星通,15863856878,12940712272.0,军工电子Ⅱ
369078126.0,688690,纳微科技,15857805822,15857805822.0,化学制药
120439838.0,601702,华峰铝业,15856665928,15856665928.0,工业金属
84611351.39,002563,森马服饰,15841250141,13015332742.0,服装家纺
190440259.24,000766,通化金马,15831183301,15816750047.0,化学制药
647832414.87,002506,协鑫集成,15795854353,15779980985.0,光伏设备
129237221.45,000537,绿发电力,15767356285,15767356285.0,电力
173713245.0,688779,五矿新能,15742435069,15742435069.0,电池
975851688.47,301071,力量钻石,15717394599,11554022722.0,非金属材料Ⅱ
153448016.64,000563,陕国投Ａ,15699888999,15699888999.0,多元金融
271284595.0,600763,通策医疗,15699848007,15699848007.0,医疗服务
199236312.92,300002,神州泰岳,15698047451,14771371443.0,游戏Ⅱ
371644610.91,002290,禾盛新材,15693104873,15643421239.0,家电零部件Ⅱ
235821780.0,600619,海立股份,15649361439,11506168555.0,家电零部件Ⅱ
779018123.0,601678,滨化股份,15610075548,13240819068.0,化学原料
128412749.92,000682,东方电子,15606062361,15604584221.0,电网设备
1100566209.77,300990,同飞股份,15602967847,7550126970.0,通用设备
183197963.06,000680,山推股份,15601483165,13671533689.0,工程机械
349124969.0,688166,博瑞医药,15588386828,15588386828.0,化学制药
536490274.0,688390,固德威,15579330234,15579330234.0,光伏设备
173451630.14,002583,海能达,15567381901,10983658644.0,通信设备
69911252.4,002399,海普瑞,15553339762,13220338062.0,化学制药
377436264.0,603906,龙蟠科技,15529526715,11051621354.0,电池
96335652.0,600528,中铁工业,15528645600,15528645600.0,基础建设
1263703107.26,300302,同有科技,15508976503,12024520727.0,计算机设备
152043255.11,002408,齐翔腾达,15497286008,14997044634.0,炼化及贸易
161111458.7,301498,乖宝宠物,15474270538,7324094225.0,饲料
117765536.0,603025,大豪科技,15454502058,15350978858.0,自动化设备
209716543.38,002048,宁波华翔,15448069144,13469399905.0,汽车零部件
581638900.66,301338,凯格精机,15417360000,11233372500.0,专用设备
126993417.28,002508,老板电器,15403384531,15217774328.0,厨卫电器
1928719360.11,300720,海川智能,15391405679,14543789555.0,通用设备
160612057.56,300144,宋城演艺,15366272560,15205612185.0,旅游及景区
74053935.0,600959,江苏有线,15352203296,15352203296.0,电视广播Ⅱ
112331569.27,301039,中集车辆,15311596511,11821641754.0,商用车
575750352.05,002929,润建股份,15309759006,11577819316.0,通信服务
82319481.49,001221,悍高集团,15300382500,2940260441.0,家居用品
94567059.0,600750,华润江中,15266830702,15104383442.0,中药Ⅱ
482801668.0,603031,安孚科技,15215530165,13328831034.0,电池
538618661.14,300436,广生堂,15178145100,13029603646.0,化学制药
725206526.26,002176,江特电机,15167052677,15144866777.0,电机Ⅱ
551424994.0,688106,金宏气体,15135116672,14972259052.0,电子化学品Ⅱ
686452841.27,300601,康泰生物,15134405118,12200381952.0,生物制品
160954579.31,000927,中国铁物,15125884103,15125876453.0,轨交设备Ⅱ
708847939.0,688535,华海诚科,15124008718,14095825922.0,半导体
410784714.04,301095,广立微,15111208090,13054380201.0,软件开发
2656215897.75,002081,金 螳 螂,15108791790,15093012755.0,装修装饰Ⅱ
97303623.0,601568,北元化工,15094444451,15094444451.0,化学原料
340044252.0,601886,江河集团,15091587439,15091587439.0,装修装饰Ⅱ
158564167.58,002405,四维图新,15074063777,14982648870.0,软件开发
601426812.78,300469,信息发展,15070579005,15062988737.0,软件开发
49935907.0,601992,金隅集团,15055657299,11751163152.0,水泥
233695116.27,300253,卫宁健康,15012694682,12648517737.0,软件开发
88437061.0,601369,陕鼓动力,15011462825,14861100353.0,专用设备
393631834.88,300166,东方国信,14997281501,12266527424.0,IT服务Ⅱ
532815011.0,600410,华胜天成,14989082317,14989082317.0,IT服务Ⅱ
3212695482.71,300139,晓程科技,14941220000,12741437539.0,贵金属
647916288.0,603063,禾望电气,14917563541,14856176141.0,风电设备
421980529.05,002158,汉钟精机,14892067271,14860402100.0,通用设备
149988839.45,301599,理奇智能,14838408000,1880604428.0,自动化设备
528030808.45,300655,晶瑞电材,14803871829,14736405747.0,电子化学品Ⅱ
1177699474.63,003018,金富科技,14771346653,13386268569.0,包装印刷
360632980.91,000970,中科三环,14771068142,14771068142.0,金属新材料
249132093.0,688605,先锋精科,14702896538,7871753185.0,半导体
621434728.3,300009,安科生物,14702166230,10831740286.0,生物制品
403984471.0,600596,新安股份,14697111864,14697111864.0,农化制品
407240011.2,002320,海峡股份,14696001509,14696001509.0,航运港口
576867361.98,002645,华宏科技,14693379628,13270965131.0,环保设备Ⅱ
136417222.0,600475,华光环能,14693193255,14492153655.0,电力
658877782.64,002440,闰土股份,14690678758,12368859889.0,化学制品
348352691.0,603026,石大胜华,14660163882,14660163882.0,电池
228748008.0,600409,三友化工,14656881081,14656881081.0,化学原料
284698907.49,300573,兴齐眼药,14654554888,11230781978.0,化学制药
115578112.0,002984,森麒麟,14642733487,10087692271.0,汽车零部件
435077971.13,301369,联动科技,14606481608,7830826138.0,半导体
362950048.0,600267,海正药业,14599965828,14599965828.0,化学制药
193492973.0,600761,安徽合力,14580640498,14580640498.0,工程机械
103817947.0,688612,威迈斯,14528900387,8897199852.0,汽车零部件
207720341.59,002410,广联达,14520590766,13959388311.0,软件开发
128142466.0,600877,电科芯片,14516569372,14516569372.0,半导体
123431590.0,603997,继峰股份,14516542098,14516542098.0,汽车零部件
274272139.48,300409,道氏技术,14487250610,12893739861.0,电池
360102175.0,603203,快克智能,14477611217,14311931600.0,自动化设备
207475019.0,600151,航天机电,14471605576,14471605576.0,汽车零部件
164586187.54,000778,新兴铸管,14465615340,14211097209.0,普钢
327907242.85,300201,海伦哲,14449504452,14373232667.0,工程机械
99114758.0,600022,山东钢铁,14443446898,14443446898.0,普钢
632213003.0,688798,艾为电子,14437675874,8406598299.0,半导体
991917211.37,301080,百普赛斯,14435490103,10919427978.0,生物制品
64023248.86,001369,双欣材料,14417790000,2607689653.0,化学纤维
668735772.0,688603,天承科技,14415660484,14415660484.0,电子化学品Ⅱ
450770990.44,301292,海科新源,14408202963,5509182783.0,电池
515375350.53,300827,上能电气,14407178065,11297662317.0,光伏设备
359878533.0,688353,华盛锂电,14394875000,14394875000.0,电池
55964910.77,000069,华侨城Ａ,14387586915,12348497188.0,房地产开发
148989802.37,000600,建投能源,14371777977,8687705482.0,电力
409819263.4,301031,中熔电气,14361126726,11289950291.0,其他电子Ⅱ
333001050.0,688593,新相微,14351103537,14351103537.0,半导体
2945440777.0,603118,共进股份,14344176117,14344176117.0,通信设备
273616531.0,600621,华鑫股份,14343358428,14343358428.0,证券Ⅱ
484841303.0,688516,奥特维,14337338862,14337338862.0,光伏设备
1878672099.84,000070,特发信息,14328483659,14135831177.0,通信设备
82772224.0,600933,爱柯迪,14296667787,13616461078.0,汽车零部件
54935864.79,002911,佛燃能源,14292915888,13950088391.0,燃气Ⅱ
130275883.0,601965,中国汽研,14267686547,14207313495.0,专业服务
1217883276.6,002655,共达电声,14266758870,14214837273.0,消费电子
445516949.0,601133,柏诚股份,14265352025,14216124630.0,专业工程
562923068.5,002385,大北农,14253638643,11468156387.0,饲料
128062304.0,603317,天味食品,14231833314,14231833314.0,调味发酵品Ⅱ
352012763.0,688625,呈和科技,14229748312,14229748312.0,化学制品
73256798.0,600651,飞乐音响,14214848845,14214848845.0,汽车零部件
456811878.0,688028,沃尔德,14213357840,14213357840.0,通用设备
340820727.0,688029,南微医学,14208779000,14208779000.0,医疗器械
1147177151.69,301489,思泉新材,14208754980,8501378112.0,电子化学品Ⅱ
394712998.0,688401,路维光电,14195155599,13364322624.0,半导体
211398857.48,000552,甘肃能化,14182314456,9873405886.0,煤炭开采
144911829.0,600872,中炬高新,14177314754,14116789365.0,调味发酵品Ⅱ
744561845.75,300184,力源信息,14161021648,12962722477.0,其他电子Ⅱ
175228755.0,002310,东方新能,14158400196,10381662307.0,电力
143019532.0,600452,涪陵电力,14136183217,14136183217.0,电力
88969422.32,300660,江苏雷利,14125043542,14116547727.0,电机Ⅱ
184712565.6,002779,中坚科技,14109480000,12659466377.0,专用设备
93253784.36,002690,美亚光电,14089195533,6819706182.0,专用设备
359824932.0,603456,九洲药业,14080909147,14080909147.0,医疗服务
287930461.66,000672,上峰材料,14065927980,14065927980.0,水泥
154032469.16,000966,长源电力,14063381465,14063381465.0,电力
430106400.38,002906,华阳集团,14036335156,14030513644.0,汽车零部件
759566497.0,603093,南华期货,14035714181,11925167145.0,多元金融
95370364.0,600201,生物股份,14013080503,14013080503.0,动物保健Ⅱ
108102563.94,000785,居然智家,14010859832,13897635379.0,一般零售
122691946.0,600056,中国医药,13986475644,13981536319.0,医药商业
219036430.0,300957,贝泰妮,13983036000,13983036000.0,化妆品
86137667.0,688712,北芯生命,13982010000,1528968000.0,医疗器械
306824960.45,301529,福赛科技,13974006512,7500867532.0,汽车零部件
158237898.36,300296,利亚德,13966682693,11953132608.0,光学光电子
1128251686.0,688559,海目星,13966177310,13966177310.0,自动化设备
100628901.0,601019,山东出版,13961361000,13961361000.0,出版
138003467.0,603662,柯力传感,13946011245,13946011245.0,通用设备
439396894.1,002003,伟星股份,13945675630,12144542200.0,纺织制造
212078577.0,688765,禾元生物-U,13942500000,2806862994.0,生物制品
444122999.0,688158,优刻得-W,13931721649,12394586978.0,IT服务Ⅱ
2015368202.69,002703,浙江世宝,13927166261,9921793893.0,汽车零部件
66239073.38,000550,江铃汽车,13889113260,8342072244.0,商用车
375282101.0,601778,晶科科技,13886955978,13886955978.0,电力
844286709.01,300077,国民技术,13881253549,11677530623.0,半导体
328433296.0,600155,华创云信,13856775906,13856775906.0,证券Ⅱ
76555932.0,601811,新华文轩,13856034430,8893080797.0,出版
360793805.6,300342,天银机电,13847643982,13695230669.0,家电零部件Ⅱ
315906649.28,300457,赢合科技,13832646936,13609999676.0,电池
2799400139.0,600367,红星发展,13815801531,13039913871.0,化学原料
144031738.0,603826,坤彩科技,13815547200,13815547200.0,非金属材料Ⅱ
196565379.49,002250,联化科技,13813053881,13743925755.0,农化制品
114147657.0,600258,首旅酒店,13812380669,13812380669.0,酒店餐饮
69746594.0,600710,苏美达,13812341517,13812341517.0,贸易Ⅱ
283131576.0,600361,创新新材,13810852778,13810852778.0,工业金属
68878578.0,600675,中华企业,13785188555,13785188555.0,房地产开发
45499917.0,603194,中力股份,13770340000,5426644192.0,工程机械
243811958.72,300093,金刚光伏,13770000000,7105748400.0,光伏设备
112554719.0,600635,大众公用,13758345586,11271569206.0,燃气Ⅱ
293439863.85,002969,嘉美包装,13753166289,13681026475.0,包装印刷
83019403.0,600827,百联股份,13738094501,12354264384.0,一般零售
141497787.2,002832,比音勒芬,13714091229,9357721365.0,服装家纺
56691914.0,601827,三峰环境,13709853060,13709853060.0,环境治理
580536282.0,688507,索辰科技,13704930979,7572455274.0,软件开发
112547702.7,002541,鸿路钢构,13703779127,9854136170.0,专业工程
118095157.46,000905,厦门港务,13695694267,6587255901.0,航运港口
330080895.0,688046,药康生物,13687913494,13687913494.0,医疗服务
161485515.36,301669,高特电子,13684800000,2334613908.0,其他电源设备Ⅱ
629821365.0,600916,中国黄金,13675200000,13675200000.0,饰品
289518441.2,000422,湖北宜化,13670939830,13415783914.0,农化制品
86496965.81,000410,沈阳机床,13669216726,10170454598.0,通用设备
78035431.52,002372,伟星新材,13659685937,12613527575.0,装修建材
427897430.13,000656,金科股份,13659463805,9787354655.0,房地产开发
40739085.0,601068,中铝国际,13650215109,11697329348.0,专业工程
500653360.0,603800,洪田股份,13565760000,13565760000.0,专用设备
91674755.6,002226,江南化工,13562485018,13562461133.0,化学制品
160201833.18,301682,宏明电子,13562477366,2866135487.0,军工电子Ⅱ
358494048.0,002647,仁东控股,13540894051,12163194051.0,多元金融
60168787.08,301267,华厦眼科,13532400000,10446439010.0,医疗服务
939169550.0,603078,江化微,13532011032,13532011032.0,电子化学品Ⅱ
636385858.0,688222,成都先导,13510929600,13510929600.0,医疗服务
482629889.0,688485,九州一轨,13490215485,13490215485.0,轨交设备Ⅱ
804991413.0,688202,美迪西,13484928708,13484928708.0,医疗服务
422881212.0,688006,杭可科技,13437742104,13437742104.0,电池
330227279.95,000612,焦作万方,13436087170,13436087170.0,工业金属
33976962.0,603868,飞科电器,13416480000,13416480000.0,小家电
23798614.0,603014,威高血净,13409905519,3257664712.0,医疗器械
1010977519.52,301312,智立方,13399057640,6740370404.0,自动化设备
1341368798.26,002167,东方锆业,13386354624,13170759373.0,小金属
103106088.0,600064,南京高科,13375525448,13375525448.0,房地产开发
219742341.0,603505,金石资源,13374117439,13374117439.0,化学制品
534074477.98,000998,隆平高科,13371977355,11966959969.0,种植业
494032664.21,301005,超捷股份,13371859623,13099442225.0,汽车零部件
142080722.0,603613,国联股份,13365976431,13365976431.0,互联网电商
703777525.73,301655,绿控传动,13353877368,1318017590.0,汽车零部件
89245072.0,600072,中船科技,13340775913,9630868739.0,风电设备
144982811.9,300855,图南股份,13321500920,9866762728.0,金属新材料
109475528.0,603707,健友股份,13312964405,13312964405.0,化学制药
112428424.12,000089,深圳机场,13309494113,13309494113.0,航空机场
204261793.0,688062,迈威生物-U,13281288846,6845035200.0,化学制药
298141273.47,301500,飞南资源,13269607440,3406798298.0,环境治理
,301689,电科思仪,13213352000,,通用设备
118939895.36,301363,美好医疗,13213049411,8665703661.0,医疗器械
194948155.21,002946,新乳业,13194270206,13041457501.0,饮料乳品
345161106.0,688383,新益昌,13172369935,13172369935.0,专用设备
619589155.0,600744,华银电力,13161685296,13161685296.0,电力
538943113.35,300769,德方纳米,13160431769,11825997348.0,电池
1942472788.44,000592,平潭发展,13155427875,13041779578.0,林业Ⅱ
43204785.0,600779,水井坊,13147961250,13147961250.0,白酒Ⅱ
53305816.72,000553,安道麦A,13140138360,12278685860.0,农化制品
313577607.0,300182,捷成股份,13132660366,11903998671.0,影视院线
693975252.83,301127,武汉天源,13131079647,12748241272.0,环境治理
228286623.11,300428,立中集团,13115175109,11539781942.0,汽车零部件
85236570.99,002010,传化智联,13101506504,13069720528.0,物流
241538492.0,600456,宝钛股份,13081549018,13081549018.0,小金属
99153035.23,301589,诺瓦星云,13061053440,4869209549.0,计算机设备
193098330.0,600113,浙江东日,13026994094,12725565779.0,一般零售
115969979.0,603305,旭升集团,13024835426,13024835426.0,汽车零部件
658831312.91,301150,中一科技,13020936659,12214328041.0,电池
34718878.0,600167,联美控股,13011332662,13011332662.0,电力
108678606.0,600633,浙数文化,13010444083,13010444083.0,游戏Ⅱ
258163284.62,300133,华策影视,12992167638,11531522536.0,影视院线
110790539.95,002507,涪陵榨菜,12981589065,12946265246.0,调味发酵品Ⅱ
426169490.0,600366,宁波韵升,12957693991,12957693991.0,金属新材料
306659543.0,603882,金域医学,12952701369,12865362773.0,医疗服务
288187774.64,002607,中公教育,12951538717,12012221773.0,教育
632087669.93,300331,苏大维格,12933778466,11064336045.0,光学光电子
73070626.46,000156,华数传媒,12933468445,11865133621.0,电视广播Ⅱ
139520804.45,301015,百洋医药,12930352294,12928691794.0,医药商业
40019997.0,601033,永兴股份,12888000000,3436800000.0,环境治理
759633567.33,301047,义翘神州,12881330978,12663587764.0,生物制品
244151238.0,688757,胜科纳米,12877735748,5786365680.0,专业服务
49319111.0,605389,长龄液压,12859798132,12182384611.0,工程机械
2446791423.42,001258,立新能源,12842666676,12842505340.0,电力
629973850.9,002366,融发核电,12839385239,11417078443.0,其他电源设备Ⅱ
62703099.0,600271,航天信息,12803432849,12803432849.0,IT服务Ⅱ
314340260.06,002458,益生股份,12794865769,8639487049.0,养殖业
1473218330.99,002842,翔鹭钨业,12782626528,10488824366.0,小金属
649019293.29,300693,盛弘股份,12771453453,11008731710.0,其他电源设备Ⅱ
71655486.0,688100,威胜信息,12769063995,12769063995.0,通信设备
166764455.81,300034,钢研高纳,12767324239,12288236752.0,航空装备Ⅱ
29777309.44,001308,康冠科技,12765175106,9560408142.0,光学光电子
79354123.26,002091,江苏国泰,12761385435,12562597037.0,贸易Ⅱ
742069144.0,688260,昀冢科技,12756000000,12756000000.0,消费电子
416177706.72,300951,博硕科技,12750782936,11395156688.0,消费电子
441761567.0,600338,西藏珠峰,12744089742,12744089742.0,工业金属
88523878.0,600416,湘电股份,12721244150,12721244150.0,电机Ⅱ
353462149.0,688710,益诺思,12712131885,8177874734.0,医疗服务
164052797.63,300969,恒帅股份,12704518053,6059291050.0,汽车零部件
195638772.47,000799,酒鬼酒,12701473828,12700244448.0,白酒Ⅱ
79172321.0,300529,健帆生物,12697823873,8147192993.0,医疗器械
453028694.22,002896,中大力德,12679642668,12679642668.0,通用设备
77323564.81,300455,航天智装,12675781750,12480582556.0,计算机设备
1461145883.08,301373,凌玮科技,12669540229,8135752706.0,化学制品
113688083.0,600529,山东药玻,12668393417,12668393417.0,医疗器械
326849034.0,601952,苏垦农发,12650040000,12650040000.0,种植业
1073375195.0,603757,大元泵业,12647904160,12647904160.0,通用设备
363644506.0,002990,盛视科技,12639602701,6662156036.0,计算机设备
892192173.0,605179,一鸣食品,12639520000,12639520000.0,饮料乳品
68480055.0,600764,中国海防,12634990483,12634990483.0,航海装备Ⅱ
798479672.26,300671,富满微,12623455949,12589158134.0,半导体
102267851.26,002534,西子洁能,12622621173,12463011742.0,其他电源设备Ⅱ
30684439.0,600648,外高桥,12619985383,10558512012.0,房地产开发
460419486.0,688515,裕太微-U,12612000000,7854028410.0,半导体
253710825.0,603226,菲林格尔,12602183247,12602183247.0,家居用品
172457248.0,600211,西藏药业,12599457372,12599457372.0,生物制品
142599538.09,300100,双林股份,12593183445,12127637593.0,汽车零部件
1248545800.59,300468,四方精创,12592307296,12576930612.0,软件开发
232922123.94,002865,钧达股份,12587599143,9253539519.0,光伏设备
242842749.82,300459,汤姆猫,12586603162,11762952952.0,游戏Ⅱ
295232239.78,300913,兆龙互连,12583494915,10493712087.0,通信设备
98409862.0,300070,碧水源,12576006490,12067785723.0,环境治理
