strategy,n_days,years,total_return,cagr,vol,sharpe,sortino,max_dd,calmar,t_stat,pos_month_pct,longest_underwater_days,exposure,n_trades,win_rate,profit_factor,expectancy,avg_hold_days,top5_share,p_k,p_n,p_rebal,family
"margin_momentum(k=5,n=5,rebal=5)",2569,10.53,0.6286896861277509,0.04741817988070607,0.135145046731478,0.4103396031350076,0.5987580975736244,-0.21183237002674982,0.22384765781886018,1.3314675089078536,0.4409448818897638,525,0.3991825613079019,1690,0.0,0.0,0.0,0.0,,5,5,5,margin_momentum
"margin_momentum(k=5,n=10,rebal=5)",2569,10.53,0.09392484014896207,0.008562871473545508,0.13822135845966377,0.13071870944809666,0.1898931827029438,-0.2543906898099617,0.03366031783609006,0.4241552926083096,0.4881889763779528,822,0.40124562086414944,1232,0.0,0.0,0.0,0.0,,5,10,5,margin_momentum
"margin_momentum(k=5,n=20,rebal=5)",2569,10.53,0.15196983016203358,0.013527623005382683,0.1350762847799258,0.16701883046387392,0.2380046269275886,-0.2618248119363257,0.051666696159692174,0.5419417098409366,0.49606299212598426,1178,0.40136239782016353,906,0.0,0.0,0.0,0.0,,5,20,5,margin_momentum
"margin_momentum(k=5,n=60,rebal=5)",2569,10.53,0.295969667993379,0.02492974918196955,0.14397586819170197,0.24307799051190132,0.3351115945505397,-0.3870544766996623,0.06440888991787574,0.7887380209575396,0.47244094488188976,1071,0.40393149085247176,550,0.0,0.0,0.0,0.0,,5,60,5,margin_momentum
"margin_momentum(k=5,n=5,rebal=10)",2569,10.53,0.3785485340453971,0.030960701146194536,0.13318854084522894,0.2954739722887266,0.4283713949537721,-0.20923453896122723,0.14797127328931,0.9587521916595027,0.49606299212598426,579,0.3975476839237057,878,0.0,0.0,0.0,0.0,,5,5,10,margin_momentum
"margin_momentum(k=5,n=10,rebal=10)",2569,10.53,0.41340869831596816,0.033408953738392144,0.13621660893673979,0.30926914274112566,0.4500011982848612,-0.24821464592509368,0.13459702836582138,1.0035146788698137,0.4881889763779528,1043,0.4,877,0.0,0.0,0.0,0.0,,5,10,10,margin_momentum
"margin_momentum(k=5,n=20,rebal=10)",2569,10.53,0.23507673375910443,0.020255539050049176,0.13628130844741482,0.21532787077946403,0.29697892669069753,-0.3446212909766595,0.05877622648515075,0.6986945971452726,0.44881889763779526,1151,0.4029972752043597,645,0.0,0.0,0.0,0.0,,5,20,10,margin_momentum
"margin_momentum(k=5,n=60,rebal=10)",2569,10.53,0.21774387599940215,0.018886912885284657,0.14306956334784368,0.20241037457028882,0.2736640739073183,-0.37161777970472387,0.05082349100813104,0.6567799821104222,0.49606299212598426,1117,0.4045153756325418,394,0.0,0.0,0.0,0.0,,5,60,10,margin_momentum
"margin_momentum(k=5,n=5,rebal=20)",2569,10.53,1.1143984408255334,0.07370700590664492,0.13145692039613383,0.6067256924584981,0.8874392724146647,-0.20686318345719823,0.3563079938866721,1.9686999260032902,0.4645669291338583,506,0.40112884390813547,456,0.0,0.0,0.0,0.0,,5,5,20,margin_momentum
"margin_momentum(k=5,n=10,rebal=20)",2569,10.53,0.37239610689047487,0.03052280519117434,0.13707304192806355,0.2877857309551752,0.4207892306605638,-0.2616618935817704,0.11664979097017748,0.933805431809715,0.5196850393700787,957,0.39898793304787855,454,0.0,0.0,0.0,0.0,,5,10,20,margin_momentum
"margin_momentum(k=5,n=20,rebal=20)",2569,10.53,0.35889555684638674,0.029555649546001872,0.13235963600233572,0.2862955382849152,0.3936232584597157,-0.3718898935973526,0.07947419398818606,0.9289700634774729,0.49606299212598426,1178,0.4057609964966913,459,0.0,0.0,0.0,0.0,,5,20,20,margin_momentum
"margin_momentum(k=5,n=60,rebal=20)",2569,10.53,0.4028078957722474,0.03267028890872936,0.14008086821280982,0.2996083243888895,0.40953694859336354,-0.3766307589104033,0.08674354957955331,0.9721673128169422,0.4881889763779528,1049,0.40552744258466333,282,0.0,0.0,0.0,0.0,,5,60,20,margin_momentum
"margin_momentum(k=10,n=5,rebal=5)",2569,10.53,1.7172779819064026,0.09959673642751898,0.2296399956366636,0.5283369457348377,0.7377186075712139,-0.3828514360766371,0.2601446071305379,1.7143445858675714,0.4645669291338583,820,0.8113273647333592,3132,0.0,0.0,0.0,0.0,,10,5,5,margin_momentum
"margin_momentum(k=10,n=10,rebal=5)",2569,10.53,-0.03030327426818913,-0.002918405825235504,0.22848307964630268,0.10162253278572357,0.13962098111718532,-0.5608092278879786,-0.005203919051450513,0.32974419125856613,0.4881889763779528,1178,0.8121058777734527,2198,0.0,0.0,0.0,0.0,,10,10,5,margin_momentum
"margin_momentum(k=10,n=20,rebal=5)",2569,10.53,-0.15052149597361897,-0.015374692354070296,0.2345563664517682,0.051540169874404726,0.07011894548140213,-0.5525968072837075,-0.027822622482465427,0.16723723732018858,0.47244094488188976,1178,0.8130790190735695,1588,0.0,0.0,0.0,0.0,,10,20,5,margin_momentum
"margin_momentum(k=10,n=60,rebal=5)",2569,10.53,0.5084059108644519,0.03981339918104432,0.24416516230908564,0.2824205622057155,0.37741533891643647,-0.5380122825195226,0.07400091127027314,0.916396564093471,0.47244094488188976,1051,0.8170883612300506,1011,0.0,0.0,0.0,0.0,,10,60,5,margin_momentum
"margin_momentum(k=10,n=5,rebal=10)",2569,10.53,1.3267571414028212,0.08351143348282997,0.22873109041127765,0.4650211956889521,0.658127760650185,-0.4004215141600521,0.2085588074806832,1.5088980158944294,0.5039370078740157,1043,0.8114441416893733,1649,0.0,0.0,0.0,0.0,,10,5,10,margin_momentum
"margin_momentum(k=10,n=10,rebal=10)",2569,10.53,0.6209299937234614,0.0469431836892269,0.22656656090823457,0.3157933390695888,0.4505373372983428,-0.5834814072566172,0.08045360675662647,1.0246843523956384,0.48031496062992124,1178,0.8118723238614247,1596,0.0,0.0,0.0,0.0,,10,10,10,margin_momentum
"margin_momentum(k=10,n=20,rebal=10)",2569,10.53,0.051231857148251736,0.0047566615216905195,0.2351670515800457,0.13806551508863016,0.18740937182316722,-0.5893513399527647,0.008071011634709708,0.4479941639477959,0.4645669291338583,1178,0.8153756325418451,1165,0.0,0.0,0.0,0.0,,10,20,10,margin_momentum
"margin_momentum(k=10,n=60,rebal=10)",2569,10.53,0.8400224757264498,0.0596258084763146,0.2437402568097096,0.36008679308406244,0.4700943481801423,-0.5219820099871741,0.11422962350326919,1.1684074891024119,0.4881889763779528,1051,0.8189567925262748,748,0.0,0.0,0.0,0.0,,10,60,10,margin_momentum
"margin_momentum(k=10,n=5,rebal=20)",2569,10.53,2.7818266932085005,0.1346692516556498,0.22726120470802605,0.6697692323101695,0.9124711898501005,-0.31675803203408415,0.4251486561867482,2.1732632299537995,0.5118110236220472,508,0.8165434021019852,867,0.0,0.0,0.0,0.0,,10,5,20,margin_momentum
"margin_momentum(k=10,n=10,rebal=20)",2569,10.53,0.8033888608195854,0.05760381496093747,0.22944508200435054,0.3589655425781105,0.5011123173763267,-0.5349014070762437,0.10769052800926125,1.1647692621152634,0.5118110236220472,1112,0.8123783573374854,852,0.0,0.0,0.0,0.0,,10,10,20,margin_momentum
"margin_momentum(k=10,n=20,rebal=20)",2569,10.53,0.7650467285521994,0.05544730887113114,0.22912739054970985,0.3503786953766699,0.47872340544535635,-0.5547693507313525,0.0999465972625109,1.1369067112785292,0.4881889763779528,1178,0.8162709225379524,856,0.0,0.0,0.0,0.0,,10,20,20,margin_momentum
"margin_momentum(k=10,n=60,rebal=20)",2569,10.53,0.6133617865353667,0.04647792239775361,0.23426344679211697,0.31164986352084334,0.4108632465756405,-0.5248457540768288,0.0885553937261156,1.0112396275263853,0.4881889763779528,1071,0.8234721681588166,536,0.0,0.0,0.0,0.0,,10,60,20,margin_momentum
"margin_momentum(k=20,n=5,rebal=5)",2569,10.53,1.0668167577285024,0.07138839330212265,0.24602439292337855,0.40365217306607193,0.5496209520363411,-0.48781646172028514,0.14634273113779603,1.3097681755097275,0.4566929133858268,1073,0.9026858699883222,2808,0.0,0.0,0.0,0.0,,20,5,5,margin_momentum
"margin_momentum(k=20,n=10,rebal=5)",2569,10.53,0.37542949202356946,0.030738926418968138,0.24389090619330153,0.24639453790443716,0.33708363712087747,-0.547529370318746,0.05614114618376247,0.7994995342533002,0.49606299212598426,1180,0.9024912417282989,1860,0.0,0.0,0.0,0.0,,20,10,5,margin_momentum
"margin_momentum(k=20,n=20,rebal=5)",2569,10.53,0.2828747140120216,0.023941599008815206,0.2514739861339543,0.22024097537900122,0.2957013778192713,-0.5975232155653133,0.04006806494734133,0.7146366097908257,0.49606299212598426,1178,0.9026858699883222,1167,0.0,0.0,0.0,0.0,,20,20,5,margin_momentum
"margin_momentum(k=20,n=60,rebal=5)",2569,10.53,0.9401897858616999,0.06497408014378636,0.25995239592875435,0.3727817253844447,0.48925645452256217,-0.5763758769893439,0.11272865978217823,1.2095999300869162,0.47244094488188976,1072,0.9026858699883222,554,0.0,0.0,0.0,0.0,,20,60,5,margin_momentum
"margin_momentum(k=20,n=5,rebal=10)",2569,10.53,1.6353221960895712,0.09640294577598474,0.24453183871881926,0.4989457530327785,0.6887724320503608,-0.463657684286679,0.20791836098715213,1.6189762182231597,0.5039370078740157,1049,0.9026858699883222,1514,0.0,0.0,0.0,0.0,,20,5,10,margin_momentum
"margin_momentum(k=20,n=10,rebal=10)",2569,10.53,0.9100452645127481,0.06339136825360026,0.24802293037531742,0.37198444156276117,0.5236735917675543,-0.6173958953717626,0.10267539633613758,1.2070129082741565,0.4881889763779528,1178,0.9024523160762943,1459,0.0,0.0,0.0,0.0,,20,10,10,margin_momentum
"margin_momentum(k=20,n=20,rebal=10)",2569,10.53,-0.02717393675042834,-0.00261323744735098,0.25081892067507816,0.1155179962484019,0.1544852388425183,-0.7137074993071941,-0.003661496411187617,0.37483210863339766,0.4251968503937008,1178,0.9026469443363176,968,0.0,0.0,0.0,0.0,,20,20,10,margin_momentum
"margin_momentum(k=20,n=60,rebal=10)",2569,10.53,0.8614715031958669,0.060792840336580056,0.25716290185131613,0.35879289865842223,0.47138970123706897,-0.5772734568750555,0.10531029897973986,1.1642090681492918,0.5118110236220472,1070,0.9026858699883222,486,0.0,0.0,0.0,0.0,,20,60,10,margin_momentum
"margin_momentum(k=20,n=5,rebal=20)",2569,10.53,3.3017059898284007,0.14863568131586224,0.24461533246218858,0.6892234059328652,0.938049068672626,-0.3869099683637489,0.38416089909610224,2.236388017065194,0.4881889763779528,514,0.9026858699883222,795,0.0,0.0,0.0,0.0,,20,5,20,margin_momentum
"margin_momentum(k=20,n=10,rebal=20)",2569,10.53,0.8463509938389611,0.05997141519956317,0.2474276429797275,0.3593467615772465,0.49877312577225674,-0.5921934617083195,0.10126997185440328,1.1660062392611446,0.48031496062992124,1149,0.9024523160762943,793,0.0,0.0,0.0,0.0,,20,10,20,margin_momentum
"margin_momentum(k=20,n=20,rebal=20)",2569,10.53,0.8108802557763499,0.05802030733709396,0.24990050930866203,0.3511456425438671,0.4699108552546979,-0.6427590249359988,0.09026758876372244,1.1393952968948584,0.5118110236220472,1178,0.9026469443363176,772,0.0,0.0,0.0,0.0,,20,20,20,margin_momentum
"margin_momentum(k=20,n=60,rebal=20)",2569,10.53,0.8561829068187274,0.06050622506927095,0.25203004904576065,0.35983066841339423,0.47528650137390277,-0.5639252875107488,0.10729475412665841,1.1675764172911145,0.49606299212598426,1069,0.9026858699883222,412,0.0,0.0,0.0,0.0,,20,60,20,margin_momentum
"margin_reversal(k=5,n=5,rebal=5)",2569,10.53,0.7434731806655264,0.05421522077037233,0.11711968987340252,0.5093496923826564,0.7327038523269328,-0.21522386154950857,0.2519015335012054,1.6527348588787938,0.5039370078740157,600,0.39295445698715453,1752,0.0,0.0,0.0,0.0,,5,5,5,margin_reversal
"margin_reversal(k=5,n=10,rebal=5)",2569,10.53,1.1545314506189994,0.07562622636331318,0.11483046309384734,0.6923063148198858,1.005481318985484,-0.2541992289209297,0.29750769380514996,2.2463914215248915,0.5433070866141733,772,0.3945114830673414,1352,0.0,0.0,0.0,0.0,,5,10,5,margin_reversal
"margin_reversal(k=5,n=20,rebal=5)",2569,10.53,0.5282018214469004,0.04110186530544602,0.11184351946007345,0.4160492338840502,0.5994774664925726,-0.2465255420880148,0.16672457124451545,1.3499940848759795,0.47244094488188976,814,0.39458933437135074,1035,0.0,0.0,0.0,0.0,,5,20,5,margin_reversal
"margin_reversal(k=5,n=60,rebal=5)",2569,10.53,0.5545818550099932,0.0427955979822896,0.10112044659686259,0.46495478285067604,0.6801945564117636,-0.23869862359375993,0.17928715858505842,1.5086825199109481,0.49606299212598426,825,0.39618528610354226,671,0.0,0.0,0.0,0.0,,5,60,5,margin_reversal
"margin_reversal(k=5,n=5,rebal=10)",2569,10.53,1.7198628897854227,0.09969604421086342,0.12197798593631609,0.8401499132487829,1.1941797338304683,-0.22685294106277432,0.4394743296860133,2.7261134522627595,0.5433070866141733,522,0.3962242117555469,886,0.0,0.0,0.0,0.0,,5,5,10,margin_reversal
"margin_reversal(k=5,n=10,rebal=10)",2569,10.53,1.467758126880669,0.08958307187678471,0.11509450930650428,0.8030473196901055,1.1581944667964734,-0.21610939526688333,0.41452650296001475,2.6057231768855638,0.5039370078740157,639,0.39848189957181784,921,0.0,0.0,0.0,0.0,,5,10,10,margin_reversal
"margin_reversal(k=5,n=20,rebal=10)",2569,10.53,1.058023062805824,0.07095460315389501,0.11017583471195942,0.6773514100881445,0.94863353362873,-0.23387266424553066,0.3033898954492753,2.1978658354079346,0.4881889763779528,377,0.3934215648112106,707,0.0,0.0,0.0,0.0,,5,20,10,margin_reversal
"margin_reversal(k=5,n=60,rebal=10)",2569,10.53,0.8211048536609142,0.0585862457506523,0.10207770717243413,0.6088229576072234,0.8700058878247191,-0.2682021959373386,0.21844058936914926,1.9755051195107123,0.4881889763779528,801,0.39953289217594395,488,0.0,0.0,0.0,0.0,,5,60,10,margin_reversal
"margin_reversal(k=5,n=5,rebal=20)",2569,10.53,0.6563609010759894,0.04909551473320972,0.11634643125439488,0.4701205339994347,0.6671606713073693,-0.25737622790013104,0.1907538824924426,1.5254443185799704,0.5275590551181102,1251,0.3949396652393927,459,0.0,0.0,0.0,0.0,,5,5,20,margin_reversal
"margin_reversal(k=5,n=10,rebal=20)",2569,10.53,1.0354039023147394,0.069831052324977,0.10977667717706087,0.6698469085405218,0.9613823201681857,-0.17844937501763736,0.3913213611315541,2.173515273325042,0.4251968503937008,379,0.3990657843518879,465,0.0,0.0,0.0,0.0,,5,10,20,margin_reversal
"margin_reversal(k=5,n=20,rebal=20)",2569,10.53,0.63139183155642,0.047583106354568416,0.11210131513497779,0.470724428000047,0.6805713917119112,-0.2220432493075768,0.21429656836203007,1.5274038302490773,0.4409448818897638,651,0.393849746983262,460,0.0,0.0,0.0,0.0,,5,20,20,margin_reversal
"margin_reversal(k=5,n=60,rebal=20)",2569,10.53,0.5759411819811717,0.04414802481147673,0.10462421486354631,0.46523022285120363,0.6760760071061326,-0.17799812142972382,0.2480252289005589,1.5095762659899379,0.49606299212598426,544,0.4034643830284157,339,0.0,0.0,0.0,0.0,,5,60,20,margin_reversal
"margin_reversal(k=10,n=5,rebal=5)",2569,10.53,1.0931233647231826,0.07267618932417563,0.20055777772631406,0.45028684667560553,0.6072757529071684,-0.35387790048654555,0.2053708050834861,1.4610880876635324,0.47244094488188976,992,0.7950564421954068,3250,0.0,0.0,0.0,0.0,,10,5,5,margin_reversal
"margin_reversal(k=10,n=10,rebal=5)",2569,10.53,1.5538878173592,0.09313916561697355,0.20143165118436884,0.5428806241045593,0.750528131873189,-0.33856605576976007,0.2750989475457407,1.7615358271256543,0.49606299212598426,701,0.8021409108602569,2417,0.0,0.0,0.0,0.0,,10,10,5,margin_reversal
"margin_reversal(k=10,n=20,rebal=5)",2569,10.53,2.554246785930603,0.12800033603414018,0.1969295984852961,0.7101261180045754,1.0024607552876597,-0.27464092775953175,0.4660643156078101,2.304213013138949,0.5118110236220472,360,0.8005060334760608,1758,0.0,0.0,0.0,0.0,,10,20,5,margin_reversal
"margin_reversal(k=10,n=60,rebal=5)",2569,10.53,1.3797002193522108,0.0858292908284719,0.1808778910161037,0.5456261619317149,0.76594987618976,-0.32096175673885996,0.26741282731171023,1.770444531972582,0.5118110236220472,551,0.8090307512650836,1166,0.0,0.0,0.0,0.0,,10,60,5,margin_reversal
"margin_reversal(k=10,n=5,rebal=10)",2569,10.53,1.91991169753187,0.10713392844413949,0.20212610038370366,0.6048362934801308,0.8084151030851232,-0.3864662299846606,0.27721420432618854,1.962569215411771,0.47244094488188976,916,0.7966523939275982,1654,0.0,0.0,0.0,0.0,,10,5,10,margin_reversal
"margin_reversal(k=10,n=10,rebal=10)",2569,10.53,2.7369898560831665,0.13338464645768355,0.1996553824218904,0.7271920583880478,0.994382052179221,-0.34342239359998095,0.38839822021929715,2.3595884752097542,0.5511811023622047,512,0.8080965356169715,1721,0.0,0.0,0.0,0.0,,10,10,10,margin_reversal
"margin_reversal(k=10,n=20,rebal=10)",2569,10.53,4.2956412296610145,0.17153903671529802,0.19417713425128882,0.9125573665099255,1.273437173099965,-0.2730548909694215,0.6282218059024187,2.9610607268699725,0.5118110236220472,337,0.803425457376411,1252,0.0,0.0,0.0,0.0,,10,20,10,margin_reversal
"margin_reversal(k=10,n=60,rebal=10)",2569,10.53,1.2800932729032395,0.08142855979441,0.18200461837729498,0.5210296606698347,0.7372617992320489,-0.30195228011690667,0.2696736045936906,1.6906339506570138,0.48031496062992124,544,0.8118333982094199,834,0.0,0.0,0.0,0.0,,10,60,10,margin_reversal
"margin_reversal(k=10,n=5,rebal=20)",2569,10.53,1.1001028846216263,0.07301540090632597,0.1983073868853692,0.4548035580713373,0.6052535315473412,-0.35558153927103,0.20534080890704637,1.4757438859939511,0.49606299212598426,628,0.7934215648112106,865,0.0,0.0,0.0,0.0,,10,5,20,margin_reversal
"margin_reversal(k=10,n=10,rebal=20)",2569,10.53,2.2318828328076576,0.11785989580091427,0.1919214256276373,0.6767763498788371,0.9246361113716911,-0.30370213504392296,0.3880772711191799,2.1959998834537267,0.48031496062992124,515,0.8088361230050604,865,0.0,0.0,0.0,0.0,,10,10,20,margin_reversal
"margin_reversal(k=10,n=20,rebal=20)",2569,10.53,2.77249470056576,0.13440302397997694,0.1996453557857545,0.7316028939816398,1.004272024528059,-0.31586323837369534,0.42551018178622535,2.3739007283657574,0.4645669291338583,349,0.8061891786687427,883,0.0,0.0,0.0,0.0,,10,20,20,margin_reversal
"margin_reversal(k=10,n=60,rebal=20)",2569,10.53,1.160456803355733,0.07590683989444669,0.18566612036516592,0.4868169129351913,0.68822421073557,-0.304533343547267,0.24925625223914138,1.5796206298585562,0.4566929133858268,539,0.8089528999610744,589,0.0,0.0,0.0,0.0,,10,60,20,margin_reversal
"margin_reversal(k=20,n=5,rebal=5)",2569,10.53,1.873650070676085,0.10545585474092833,0.2193148858996796,0.5670226929622934,0.766785896624425,-0.39394917933035944,0.26768898191432644,1.8398718688732825,0.49606299212598426,986,0.9026858699883222,3011,0.0,0.0,0.0,0.0,,20,5,5,margin_reversal
"margin_reversal(k=20,n=10,rebal=5)",2569,10.53,2.378869328000365,0.12259204960265202,0.21693105464015325,0.6417998686010102,0.8735875640298989,-0.3778539507007824,0.3244429477984499,2.082508404587067,0.5275590551181102,687,0.9026858699883222,2046,0.0,0.0,0.0,0.0,,20,10,5,margin_reversal
"margin_reversal(k=20,n=20,rebal=5)",2569,10.53,3.2417181093280174,0.1471046392997899,0.20963614739346817,0.7596096740396757,1.0607435425467862,-0.3121622707528743,0.4712441351256265,2.4647769620792612,0.49606299212598426,370,0.9026858699883222,1335,0.0,0.0,0.0,0.0,,20,20,5,margin_reversal
"margin_reversal(k=20,n=60,rebal=5)",2569,10.53,1.9538099643018678,0.10834833165695912,0.19251621511534903,0.6306809020521911,0.8846900243203193,-0.30809741743878416,0.3516690680423728,2.046429647919958,0.4881889763779528,573,0.902608018684313,666,0.0,0.0,0.0,0.0,,20,60,5,margin_reversal
"margin_reversal(k=20,n=5,rebal=10)",2569,10.53,2.7938885880431825,0.1350124798386645,0.22422656046516753,0.677260864225085,0.9000447769190334,-0.44346478726539473,0.30444915518820054,2.197572032728864,0.48031496062992124,942,0.9026858699883222,1560,0.0,0.0,0.0,0.0,,20,5,10,margin_reversal
"margin_reversal(k=20,n=10,rebal=10)",2569,10.53,3.469880525337423,0.1528271334648894,0.2157630629851592,0.7673573900367989,1.044014881262352,-0.3586941299454689,0.4260653317301937,2.489916704964427,0.49606299212598426,665,0.9026858699883222,1610,0.0,0.0,0.0,0.0,,20,10,10,margin_reversal
"margin_reversal(k=20,n=20,rebal=10)",2569,10.53,4.220896397986681,0.16995838916782358,0.20856727014668988,0.8570006646690813,1.204631092990355,-0.2796787974299323,0.6076913614104162,2.7807906704629937,0.5275590551181102,359,0.9026858699883222,1068,0.0,0.0,0.0,0.0,,20,20,10,margin_reversal
"margin_reversal(k=20,n=60,rebal=10)",2569,10.53,2.2356000035007413,0.11798194756718394,0.19667597291372838,0.6654755861622798,0.924944557319452,-0.30750614334488136,0.3836734651341977,2.159331232415698,0.5118110236220472,660,0.902608018684313,581,0.0,0.0,0.0,0.0,,20,60,10,margin_reversal
"margin_reversal(k=20,n=5,rebal=20)",2569,10.53,1.660229944750827,0.09738299157244001,0.22146010802802088,0.5306922375262897,0.6995096025684504,-0.38802133309753717,0.2509732926152305,1.7219870226939384,0.49606299212598426,993,0.9026858699883222,821,0.0,0.0,0.0,0.0,,20,5,20,margin_reversal
"margin_reversal(k=20,n=10,rebal=20)",2569,10.53,2.019896571709032,0.11068004797073105,0.20881281609289606,0.6074424614752936,0.8221164293361084,-0.3211594251376243,0.3446264979559671,1.9710256938550004,0.4566929133858268,515,0.9026858699883222,810,0.0,0.0,0.0,0.0,,20,10,20,margin_reversal
"margin_reversal(k=20,n=20,rebal=20)",2569,10.53,3.158443496255562,0.1449464521733379,0.2132417378421066,0.7414052280594472,1.0292099279515128,-0.3329183671389986,0.4353813621608342,2.4057072838050746,0.47244094488188976,695,0.9026858699883222,812,0.0,0.0,0.0,0.0,,20,20,20,margin_reversal
"margin_reversal(k=20,n=60,rebal=20)",2569,10.53,1.3398490471455315,0.08408900770131589,0.19776286424299758,0.5071924367055559,0.6993847993984368,-0.3139207261201019,0.2678670145186417,1.6457350084609403,0.48031496062992124,468,0.902608018684313,469,0.0,0.0,0.0,0.0,,20,60,20,margin_reversal
"margin_buy_intensity(k=5,n=5,rebal=5)",2569,10.53,0.25579900993821725,0.021869166617113578,0.09771007859851709,0.2702777354111883,0.3584348293489949,-0.21180543011024955,0.10325120845924572,0.8769955917776473,0.4330708661417323,1834,0.41611521992993383,1268,0.0,0.0,0.0,0.0,,5,5,5,margin_buy_intensity
"margin_buy_intensity(k=5,n=10,rebal=5)",2569,10.53,0.055613809985875395,0.005153704946577298,0.09572503190765344,0.10161844406558118,0.13305954514444815,-0.205767305889893,0.02504627702777558,0.3297309242037144,0.4645669291338583,1092,0.41829505644219545,763,0.0,0.0,0.0,0.0,,5,10,5,margin_buy_intensity
"margin_buy_intensity(k=5,n=20,rebal=5)",2569,10.53,0.17280793714638332,0.015254850539916376,0.0959979342041088,0.2057815155400144,0.26484117504791277,-0.17140344684005437,0.08899967195030496,0.667718640321438,0.4566929133858268,807,0.4224990268586999,484,0.0,0.0,0.0,0.0,,5,20,5,margin_buy_intensity
"margin_buy_intensity(k=5,n=60,rebal=5)",2569,10.53,0.5528169260321645,0.04268309558722794,0.09957545507554744,0.4695903174691262,0.6210965138814512,-0.17242953879942635,0.2475393478659002,1.5237238751292337,0.48031496062992124,735,0.42993382639159206,227,0.0,0.0,0.0,0.0,,5,60,5,margin_buy_intensity
"margin_buy_intensity(k=5,n=5,rebal=10)",2569,10.53,0.06809033738103354,0.006276072900565088,0.09462327545150027,0.11348808402225614,0.14756499822592373,-0.21993213597493344,0.02853640679996123,0.3682454614894255,0.4251968503937008,1163,0.417399766446088,668,0.0,0.0,0.0,0.0,,5,5,10,margin_buy_intensity
"margin_buy_intensity(k=5,n=10,rebal=10)",2569,10.53,0.03309720554166029,0.0030974121550992884,0.09451912768757237,0.08006362468736021,0.10254590972561103,-0.22831522381857072,0.013566384682085974,0.25978997421201677,0.4881889763779528,1846,0.4167380303620086,548,0.0,0.0,0.0,0.0,,5,10,10,margin_buy_intensity
"margin_buy_intensity(k=5,n=20,rebal=10)",2569,10.53,0.348218521390534,0.028784587644326898,0.0950390715455046,0.34618970725508813,0.44821740045063285,-0.15102486686815653,0.19059502081505297,1.1233143074830516,0.5118110236220472,707,0.42129233164655505,362,0.0,0.0,0.0,0.0,,5,20,10,margin_buy_intensity
"margin_buy_intensity(k=5,n=60,rebal=10)",2569,10.53,0.631149213682753,0.04756830818684277,0.10038097717872478,0.5132003100664764,0.6741049912648502,-0.16464763363020996,0.2889097592114729,1.6652293202860335,0.48031496062992124,734,0.42942779291553135,175,0.0,0.0,0.0,0.0,,5,60,10,margin_buy_intensity
"margin_buy_intensity(k=5,n=5,rebal=20)",2569,10.53,0.1265539585245532,0.011382260361913366,0.0942566875866439,0.16728189620027537,0.21351522002561787,-0.18986345790284342,0.05994971590445737,0.5427953039811302,0.4566929133858268,1048,0.41483067341377966,349,0.0,0.0,0.0,0.0,,5,5,20,margin_buy_intensity
"margin_buy_intensity(k=5,n=10,rebal=20)",2569,10.53,0.32159476033494405,0.02683756144739724,0.09594795785689325,0.32408253849450336,0.4163009529091286,-0.14974424011891518,0.1792226627620865,1.0515810974936253,0.48031496062992124,734,0.41666017905799924,302,0.0,0.0,0.0,0.0,,5,10,20,margin_buy_intensity
"margin_buy_intensity(k=5,n=20,rebal=20)",2569,10.53,0.24765651356725282,0.02123801153594096,0.0953529206643173,0.2681558966531301,0.34107553311208144,-0.16025177434660287,0.13252902579416076,0.8701106619685048,0.49606299212598426,536,0.41950175165434017,269,0.0,0.0,0.0,0.0,,5,20,20,margin_buy_intensity
"margin_buy_intensity(k=5,n=60,rebal=20)",2569,10.53,0.6712369897577435,0.049986798459283666,0.09895220271755405,0.5424949474418583,0.7046033507912903,-0.17491784012727296,0.28577301447875464,1.7602843857794939,0.5118110236220472,735,0.4314519268197742,135,0.0,0.0,0.0,0.0,,5,60,20,margin_buy_intensity
"margin_buy_intensity(k=10,n=5,rebal=5)",2569,10.53,0.7675898470866618,0.05559164986339926,0.1894945888749453,0.3804470174448935,0.49612336068739193,-0.3138597149089166,0.1771226035795393,1.2344722242715431,0.4409448818897638,1081,0.8416893732970028,2186,0.0,0.0,0.0,0.0,,10,5,5,margin_buy_intensity
"margin_buy_intensity(k=10,n=10,rebal=5)",2569,10.53,0.15668213056998126,0.013920675548606765,0.18666511994731924,0.16773901433956578,0.21646700656549564,-0.3606124337693638,0.03860287179534687,0.5442785582065269,0.47244094488188976,1077,0.8427792915531335,1309,0.0,0.0,0.0,0.0,,10,10,5,margin_buy_intensity
"margin_buy_intensity(k=10,n=20,rebal=5)",2569,10.53,0.6922180155570052,0.05123172469838466,0.1924708214151264,0.3562559637307666,0.45573732121085697,-0.2777411581536643,0.18445852620100323,1.1559772367526142,0.4566929133858268,751,0.8509147528221097,792,0.0,0.0,0.0,0.0,,10,20,5,margin_buy_intensity
"margin_buy_intensity(k=10,n=60,rebal=5)",2569,10.53,2.2156454231772167,0.11732525311724284,0.19871629545109687,0.6579782782587468,0.8770123130187779,-0.2769456994529368,0.42363991695484227,2.1350040122264544,0.5118110236220472,687,0.8773063448812767,381,0.0,0.0,0.0,0.0,,10,60,5,margin_buy_intensity
"margin_buy_intensity(k=10,n=5,rebal=10)",2569,10.53,0.18139799951175184,0.015958789662847694,0.18475731427937964,0.1783040898829206,0.23127236711630128,-0.34970053413862234,0.0456355884675932,0.5785600526264201,0.4409448818897638,1177,0.8400155702608018,1134,0.0,0.0,0.0,0.0,,10,5,10,margin_buy_intensity
"margin_buy_intensity(k=10,n=10,rebal=10)",2569,10.53,0.23469966131341868,0.02022595037304531,0.18435623452511962,0.2011692678276523,0.25824621753788063,-0.3319246407823132,0.06093536871916097,0.6527528463178204,0.44881889763779526,1100,0.8409887115609186,954,0.0,0.0,0.0,0.0,,10,10,10,margin_buy_intensity
"margin_buy_intensity(k=10,n=20,rebal=10)",2569,10.53,0.7084537596841443,0.05218553477582488,0.19032654940060287,0.3628652549115244,0.4647497220117852,-0.25695062900792465,0.2030955712282589,1.177423025550131,0.4645669291338583,690,0.849591280653951,593,0.0,0.0,0.0,0.0,,10,20,10,margin_buy_intensity
"margin_buy_intensity(k=10,n=60,rebal=10)",2569,10.53,2.107914507407247,0.1137148686008489,0.19879882625313341,0.6415370732045971,0.8492727455550383,-0.26627763368123203,0.42705377477171047,2.081655687644463,0.49606299212598426,755,0.8766835344492021,283,0.0,0.0,0.0,0.0,,10,60,10,margin_buy_intensity
"margin_buy_intensity(k=10,n=5,rebal=20)",2569,10.53,0.07468092361780188,0.006864170415102455,0.18609245193477095,0.13008229872803623,0.16737078569902764,-0.29515175510870884,0.023256410630437478,0.42209027088092266,0.4645669291338583,1081,0.8394706111327365,623,0.0,0.0,0.0,0.0,,10,5,20,margin_buy_intensity
"margin_buy_intensity(k=10,n=10,rebal=20)",2569,10.53,0.17184801458282184,0.015175897109689362,0.1884923245077774,0.1745930570307403,0.2214355355842047,-0.3396953376873715,0.0446750232517352,0.5665185152524562,0.4881889763779528,1099,0.8458154924094978,524,0.0,0.0,0.0,0.0,,10,10,20,margin_buy_intensity
"margin_buy_intensity(k=10,n=20,rebal=20)",2569,10.53,0.6575686772815401,0.049168146899021714,0.19097581217032875,0.3472720992065892,0.4423670794209437,-0.28804307513721283,0.170697201714014,1.1268264464633413,0.4409448818897638,755,0.8492798754379136,441,0.0,0.0,0.0,0.0,,10,20,20,margin_buy_intensity
"margin_buy_intensity(k=10,n=60,rebal=20)",2569,10.53,2.487686326395837,0.1259767929280735,0.19800763209597025,0.698644579477566,0.9205337016176636,-0.26398159404768706,0.4772180931118871,2.266957785068855,0.5196850393700787,735,0.8755157648890618,235,0.0,0.0,0.0,0.0,,10,60,20,margin_buy_intensity
"margin_buy_intensity(k=20,n=5,rebal=5)",2569,10.53,0.8552561107357517,0.06045592130219224,0.20017351890424254,0.39372231525319157,0.5203454611870761,-0.32421034762813206,0.1864712886077743,1.277547831811693,0.4566929133858268,905,0.9026858699883222,1070,0.0,0.0,0.0,0.0,,20,5,5,margin_buy_intensity
"margin_buy_intensity(k=20,n=10,rebal=5)",2569,10.53,1.0889323631202994,0.07247201027428019,0.1986278503514859,0.45194861535981623,0.5954202533242887,-0.3156137913084047,0.22962244448774274,1.466480184827547,0.47244094488188976,895,0.9026858699883222,559,0.0,0.0,0.0,0.0,,20,10,5,margin_buy_intensity
"margin_buy_intensity(k=20,n=20,rebal=5)",2569,10.53,3.22334876674977,0.1466318875463506,0.20548314111015992,0.7689802057148862,1.0319222348388464,-0.25856488242848974,0.5670990049737477,2.495182407645357,0.4881889763779528,685,0.9026858699883222,272,0.0,0.0,0.0,0.0,,20,20,5,margin_buy_intensity
"margin_buy_intensity(k=20,n=60,rebal=5)",2569,10.53,3.42705491064756,0.1517735040417183,0.20625507179061703,0.7885713068629036,1.056546872540511,-0.29163637809995,0.5204203434103213,2.5587514963782567,0.5354330708661418,734,0.9026858699883222,105,0.0,0.0,0.0,0.0,,20,60,5,margin_buy_intensity
"margin_buy_intensity(k=20,n=5,rebal=10)",2569,10.53,0.4997264000306507,0.03924363960155608,0.19866768286137876,0.29337584359094504,0.3843386411046278,-0.34122446120482175,0.11500828358843794,0.9519441961132277,0.4330708661417323,955,0.9026858699883222,612,0.0,0.0,0.0,0.0,,20,5,10,margin_buy_intensity
"margin_buy_intensity(k=20,n=10,rebal=10)",2569,10.53,1.3809592575531604,0.08588384148463923,0.20317744349624645,0.5075363434366964,0.6650602729145332,-0.292433240160923,0.29368700164652367,1.6468509149810762,0.4881889763779528,689,0.9026858699883222,427,0.0,0.0,0.0,0.0,,20,10,10,margin_buy_intensity
"margin_buy_intensity(k=20,n=20,rebal=10)",2569,10.53,3.275617644772767,0.147972230642897,0.20414445791297153,0.778440925709894,1.04373990800263,-0.2777992540200236,0.5326588480767888,2.525880495736267,0.48031496062992124,710,0.9026858699883222,243,0.0,0.0,0.0,0.0,,20,20,10,margin_buy_intensity
"margin_buy_intensity(k=20,n=60,rebal=10)",2569,10.53,2.816780627894669,0.13566117907801578,0.20860669935440448,0.7143831040787466,0.9650390855286767,-0.2856492914856119,0.4749221619716463,2.3180260562874246,0.5118110236220472,734,0.9026858699883222,102,0.0,0.0,0.0,0.0,,20,60,10,margin_buy_intensity
"margin_buy_intensity(k=20,n=5,rebal=20)",2569,10.53,1.109059609834203,0.0734492150065873,0.2010305496296527,0.45328245010040963,0.5976959800423486,-0.2941560010716765,0.24969476991458708,1.4708082038775832,0.48031496062992124,692,0.9026858699883222,361,0.0,0.0,0.0,0.0,,20,5,20,margin_buy_intensity
"margin_buy_intensity(k=20,n=10,rebal=20)",2569,10.53,2.3026861351365926,0.12016315964070157,0.20510263133940437,0.6562251921046073,0.861578421258542,-0.28035887449151853,0.4286048011094322,2.129315608677979,0.5354330708661418,735,0.9026858699883222,258,0.0,0.0,0.0,0.0,,20,10,20,margin_buy_intensity
"margin_buy_intensity(k=20,n=20,rebal=20)",2569,10.53,2.7943515461616575,0.13502563388932165,0.20970669778772028,0.7091901902765833,0.94186418720306,-0.26056038654358527,0.5182124408106649,2.3011761204018435,0.5039370078740157,692,0.9026858699883222,199,0.0,0.0,0.0,0.0,,20,20,20,margin_buy_intensity
"margin_buy_intensity(k=20,n=60,rebal=20)",2569,10.53,2.6786040506209625,0.13169078213298646,0.20396623027203953,0.7088353493768182,0.9533157010524804,-0.27940120960787385,0.4713321832708174,2.300024734756249,0.5118110236220472,734,0.9026858699883222,95,0.0,0.0,0.0,0.0,,20,60,20,margin_buy_intensity
"margin_crowding_reversal(k=5,n=60,rebal=5)",2569,10.53,0.5501437932110456,0.04251248071553193,0.11814671114670015,0.41139695267859944,0.6070112696103355,-0.2135107976350159,0.19911161958283957,1.3348983904315848,0.47244094488188976,761,0.4214480342545738,954,0.0,0.0,0.0,0.0,,5,60,5,margin_crowding_reversal
"margin_crowding_reversal(k=5,n=120,rebal=5)",2569,10.53,0.49699043581909375,0.0390634207328886,0.11872601327283541,0.382109743928093,0.554952167960574,-0.18834386584609597,0.20740479419069072,1.2398674292960319,0.48031496062992124,806,0.42265472946671856,722,0.0,0.0,0.0,0.0,,5,120,5,margin_crowding_reversal
"margin_crowding_reversal(k=5,n=60,rebal=10)",2569,10.53,0.42891278658754484,0.03448030109308098,0.1158148473014317,0.35059519541915096,0.5063288195564909,-0.2177521519147525,0.158346545785594,1.1376092093314552,0.44881889763779526,837,0.4198910081743869,735,0.0,0.0,0.0,0.0,,5,60,10,margin_crowding_reversal
"margin_crowding_reversal(k=5,n=120,rebal=10)",2569,10.53,0.4460561083277015,0.035652741847451264,0.11913744153404368,0.3535882820308961,0.5266256456756719,-0.1982162818997073,0.179867877178176,1.147321159005429,0.5039370078740157,1098,0.42522382249902685,584,0.0,0.0,0.0,0.0,,5,120,10,margin_crowding_reversal
"margin_crowding_reversal(k=5,n=60,rebal=20)",2569,10.53,0.43791042830532345,0.035097232129938094,0.11429611924623978,0.35893091505028035,0.5196720225778576,-0.2588728358114638,0.13557711460888575,1.1646569029184728,0.48031496062992124,1179,0.42210977033865316,505,0.0,0.0,0.0,0.0,,5,60,20,margin_crowding_reversal
"margin_crowding_reversal(k=5,n=120,rebal=20)",2569,10.53,0.6472888688473741,0.04854841165661994,0.11928828363599527,0.4570546332418393,0.6632907855988992,-0.15945394290477133,0.3044666740264547,1.4830481613471795,0.47244094488188976,442,0.42608018684312965,436,0.0,0.0,0.0,0.0,,5,120,20,margin_crowding_reversal
"margin_crowding_reversal(k=10,n=60,rebal=5)",2569,10.53,1.4853770781834146,0.09031955789224066,0.20179255686747677,0.5293444344850344,0.7592258850494884,-0.3148976154809757,0.2868219810248047,1.7176136793848156,0.49606299212598426,634,0.8444920202413391,1497,0.0,0.0,0.0,0.0,,10,60,5,margin_crowding_reversal
"margin_crowding_reversal(k=10,n=120,rebal=5)",2569,10.53,0.8988116526241914,0.06279577027698857,0.20545227884880335,0.3992272385446536,0.5625712753638626,-0.3626124825879399,0.17317597515898944,1.2954101742363902,0.4881889763779528,969,0.848540288049825,1152,0.0,0.0,0.0,0.0,,10,120,5,margin_crowding_reversal
"margin_crowding_reversal(k=10,n=60,rebal=10)",2569,10.53,1.8499393637819255,0.10458628430268124,0.20300741013032725,0.5915320524791916,0.8472526159802815,-0.32399638582282464,0.3228007745736818,1.9193996931719153,0.5118110236220472,451,0.8418061502530166,1209,0.0,0.0,0.0,0.0,,10,60,10,margin_crowding_reversal
"margin_crowding_reversal(k=10,n=120,rebal=10)",2569,10.53,1.0900740777580098,0.07252766954261847,0.20204998524801387,0.4476723364329381,0.6277372707123045,-0.3875472410295141,0.18714536413663965,1.4526045403451104,0.48031496062992124,1143,0.8442584663293109,959,0.0,0.0,0.0,0.0,,10,120,10,margin_crowding_reversal
"margin_crowding_reversal(k=10,n=60,rebal=20)",2569,10.53,1.4929982230641818,0.09063666471844689,0.20253305107100086,0.5295727717565455,0.7518639940983208,-0.37153620338518434,0.2439510978812494,1.7183545868082444,0.4645669291338583,914,0.8406383806928766,900,0.0,0.0,0.0,0.0,,10,60,20,margin_crowding_reversal
"margin_crowding_reversal(k=10,n=120,rebal=20)",2569,10.53,1.0394880204398071,0.07003475400243975,0.20305914927236873,0.43500848580265494,0.6057544452319595,-0.2977620584462881,0.2352037541917819,1.4115129529792754,0.48031496062992124,443,0.8474892954456987,756,0.0,0.0,0.0,0.0,,10,120,20,margin_crowding_reversal
"margin_crowding_reversal(k=20,n=60,rebal=5)",2569,10.53,1.3593357956384868,0.08494330899356406,0.2150909225011099,0.48669522397487797,0.6834725488057296,-0.4007075649388202,0.2119832926202258,1.579225774242349,0.47244094488188976,913,0.9026858699883222,994,0.0,0.0,0.0,0.0,,20,60,5,margin_crowding_reversal
"margin_crowding_reversal(k=20,n=120,rebal=5)",2569,10.53,0.8866315426897127,0.06214637549855717,0.21858505072890425,0.3853991999299567,0.535633237383533,-0.37980973835394904,0.16362501858928707,1.2505410366081255,0.47244094488188976,904,0.9026858699883222,717,0.0,0.0,0.0,0.0,,20,120,5,margin_crowding_reversal
"margin_crowding_reversal(k=20,n=60,rebal=10)",2569,10.53,1.132024416747707,0.07455393130858212,0.21425314194058184,0.4429021922238577,0.6164225677777556,-0.37939993502667424,0.19650486050647453,1.4371264047260486,0.47244094488188976,836,0.9026858699883222,885,0.0,0.0,0.0,0.0,,20,60,10,margin_crowding_reversal
"margin_crowding_reversal(k=20,n=120,rebal=10)",2569,10.53,0.5433825032776565,0.04207974447432772,0.2192337705848704,0.2979247770628518,0.41111275724085117,-0.3740055018741416,0.11251103062245371,0.9667045484451826,0.44881889763779526,1275,0.9026858699883222,647,0.0,0.0,0.0,0.0,,20,120,10,margin_crowding_reversal
"margin_crowding_reversal(k=20,n=60,rebal=20)",2569,10.53,1.1286051057873605,0.07439013060938615,0.21122736081233798,0.4454696449469297,0.6120984453595434,-0.36893014728657336,0.20163744046539583,1.4454572600841717,0.47244094488188976,913,0.9026858699883222,745,0.0,0.0,0.0,0.0,,20,60,20,margin_crowding_reversal
"margin_crowding_reversal(k=20,n=120,rebal=20)",2569,10.53,0.4349465002621966,0.034894394689732655,0.21722100016932744,0.2668887652915654,0.35886103566192895,-0.40477508441019716,0.086206873974414,0.8659990816468597,0.47244094488188976,1244,0.9026858699883222,546,0.0,0.0,0.0,0.0,,20,120,20,margin_crowding_reversal
"short_squeeze(k=5,n=5,rebal=5)",2569,10.53,0.6207071636880623,0.04692951316011329,0.11507978026105858,0.45603040348975704,0.624129783768736,-0.2052768476846918,0.22861571428745683,1.4797247467263748,0.49606299212598426,811,0.40572207084468664,1915,0.0,0.0,0.0,0.0,,5,5,5,short_squeeze
"short_squeeze(k=5,n=10,rebal=5)",2569,10.53,0.3919039880259829,0.031905214275610216,0.11660078537723936,0.3276451177669009,0.43489591807069083,-0.22580398588317818,0.1412960632684167,1.0631409335729747,0.4881889763779528,808,0.40225768781627097,1443,0.0,0.0,0.0,0.0,,5,10,5,short_squeeze
"short_squeeze(k=5,n=20,rebal=5)",2569,10.53,0.6910380260582196,0.05116208079824447,0.11194376894928444,0.5017485724789167,0.6717983372863032,-0.2214443043733506,0.23103814271956274,1.628070790127398,0.5275590551181102,909,0.3960685091475282,1168,0.0,0.0,0.0,0.0,,5,20,5,short_squeeze
"short_squeeze(k=5,n=60,rebal=5)",2569,10.53,0.6044370677716273,0.04592672374408768,0.10925928014439612,0.4655832258694627,0.6479652938690571,-0.20352173217985758,0.2256600474660908,1.51072168808853,0.4881889763779528,789,0.3990268586998832,874,0.0,0.0,0.0,0.0,,5,60,5,short_squeeze
"short_squeeze(k=5,n=5,rebal=10)",2569,10.53,0.42049383250056716,0.033899856126514916,0.11839940974784648,0.340782424563252,0.4512906483426865,-0.19972587583486812,0.16973191873517213,1.1057687886965288,0.48031496062992124,879,0.40673413779680806,912,0.0,0.0,0.0,0.0,,5,5,10,short_squeeze
"short_squeeze(k=5,n=10,rebal=10)",2569,10.53,0.8835518047165616,0.0619815752780013,0.1148418777692733,0.5810726845680261,0.7923642358197034,-0.17436840677512977,0.35546333435238886,1.8854611982495804,0.49606299212598426,471,0.40568314519268195,968,0.0,0.0,0.0,0.0,,5,10,10,short_squeeze
"short_squeeze(k=5,n=20,rebal=10)",2569,10.53,1.1949144539300312,0.07752501798740097,0.11430036224947543,0.7105029307614662,0.9396668931097669,-0.16771472792305753,0.46224335183590504,2.305435692936144,0.5275590551181102,789,0.39875437913585055,760,0.0,0.0,0.0,0.0,,5,20,10,short_squeeze
"short_squeeze(k=5,n=60,rebal=10)",2569,10.53,0.7590497129281368,0.055106186739045215,0.10971288312343747,0.5437728218403088,0.7631714500022831,-0.203431855436759,0.27088278097220675,1.7644308250434666,0.4881889763779528,792,0.39992214869599063,566,0.0,0.0,0.0,0.0,,5,60,10,short_squeeze
"short_squeeze(k=5,n=5,rebal=20)",2569,10.53,0.9423103005708309,0.06508457629299036,0.11302467653208986,0.614425098443564,0.8234546961217958,-0.19904035350744298,0.3269918644439936,1.9936829128480502,0.5118110236220472,683,0.40260801868431295,471,0.0,0.0,0.0,0.0,,5,5,20,short_squeeze
"short_squeeze(k=5,n=10,rebal=20)",2569,10.53,1.4477581727626947,0.08874126881671573,0.10931361729491539,0.8325249848518548,1.14231850317189,-0.19468164052144876,0.4558276197951948,2.701372129853969,0.5511811023622047,608,0.4037757882444531,469,0.0,0.0,0.0,0.0,,5,10,20,short_squeeze
"short_squeeze(k=5,n=20,rebal=20)",2569,10.53,0.4001406300122181,0.03248363828432366,0.11317259043127406,0.33908925201882145,0.4385349207464162,-0.23328382239036116,0.1392451390391219,1.1002747924732532,0.5196850393700787,763,0.39817049435578045,497,0.0,0.0,0.0,0.0,,5,20,20,short_squeeze
"short_squeeze(k=5,n=60,rebal=20)",2569,10.53,1.1207007623228193,0.0740105628532075,0.11147032757979615,0.6962971983080231,0.965508744777149,-0.1915237156451548,0.3864302789025378,2.259341016581509,0.49606299212598426,689,0.3989100817438692,352,0.0,0.0,0.0,0.0,,5,60,20,short_squeeze
"short_squeeze(k=10,n=5,rebal=5)",2569,10.53,1.3017208226185817,0.08239867062994177,0.2005103489728157,0.49518013068611155,0.6555068837568749,-0.35618426378278734,0.23133720101736763,1.6067575491814714,0.5196850393700787,792,0.8222654729466718,3648,0.0,0.0,0.0,0.0,,10,5,5,short_squeeze
"short_squeeze(k=10,n=10,rebal=5)",2569,10.53,0.5577586406389208,0.04299780581161694,0.19831023995431318,0.3114740490590928,0.41709248124297926,-0.34475396841075523,0.12472026358341273,1.0106691458043473,0.49606299212598426,696,0.8187232386142467,2700,0.0,0.0,0.0,0.0,,10,10,5,short_squeeze
"short_squeeze(k=10,n=20,rebal=5)",2569,10.53,1.6156442559791788,0.0956227317295173,0.1975742531705435,0.5611844580910602,0.7400186966204064,-0.3215436374255827,0.29738648382258226,1.8209279990127314,0.5196850393700787,786,0.8163876994939665,2199,0.0,0.0,0.0,0.0,,10,20,5,short_squeeze
"short_squeeze(k=10,n=60,rebal=5)",2569,10.53,1.300304845964952,0.08233540944152828,0.19087193984298648,0.5097567853628028,0.7009484718595749,-0.2843406651568574,0.28956607172634874,1.6540557917646967,0.44881889763779526,683,0.808174386920981,1580,0.0,0.0,0.0,0.0,,10,60,5,short_squeeze
"short_squeeze(k=10,n=5,rebal=10)",2569,10.53,0.6590496729930817,0.049257144349245774,0.20013540530741566,0.34048787752291465,0.44142174146479407,-0.35018266201924675,0.14066128821231733,1.1048130442081636,0.4645669291338583,1090,0.8221097703386532,1716,0.0,0.0,0.0,0.0,,10,5,10,short_squeeze
"short_squeeze(k=10,n=10,rebal=10)",2569,10.53,1.5172326679241772,0.09163923325278334,0.1987572063683276,0.5407721017754133,0.6982366534585057,-0.2701469151994881,0.33921998770599693,1.7546941063860144,0.4881889763779528,285,0.8244453094589334,1867,0.0,0.0,0.0,0.0,,10,10,10,short_squeeze
"short_squeeze(k=10,n=20,rebal=10)",2569,10.53,2.3295841030787616,0.1210264640176606,0.19851181305735782,0.6748772789717784,0.8885459436552539,-0.2693838809721345,0.4492713653872251,2.189837789445392,0.5196850393700787,789,0.8240949785908913,1437,0.0,0.0,0.0,0.0,,10,20,10,short_squeeze
"short_squeeze(k=10,n=60,rebal=10)",2569,10.53,1.9221247779261859,0.10721360021146542,0.19031272689162232,0.6301066181969072,0.874177906881349,-0.24550811294251407,0.4367008443283892,2.044566215074678,0.4881889763779528,684,0.8088750486570649,1037,0.0,0.0,0.0,0.0,,10,60,10,short_squeeze
"short_squeeze(k=10,n=5,rebal=20)",2569,10.53,2.4237356233014506,0.12399939605656485,0.19599190350990636,0.6946423634091043,0.9118301895846415,-0.37060767305183073,0.3345839956185233,2.2539714181228585,0.5196850393700787,679,0.8260801868431296,898,0.0,0.0,0.0,0.0,,10,5,20,short_squeeze
"short_squeeze(k=10,n=10,rebal=20)",2569,10.53,2.69383272422822,0.13213492259793647,0.18834944816520122,0.7533185737842686,0.9931001942547915,-0.27299733794819137,0.4840154251724339,2.4443636373078754,0.5118110236220472,536,0.8224211755546905,894,0.0,0.0,0.0,0.0,,10,10,20,short_squeeze
"short_squeeze(k=10,n=20,rebal=20)",2569,10.53,1.0501964588905515,0.07056710607057348,0.19532672951272895,0.4468634343103811,0.5746359211288773,-0.3940198722299506,0.17909529707524602,1.4499798195386302,0.5275590551181102,976,0.8220319190346439,960,0.0,0.0,0.0,0.0,,10,20,20,short_squeeze
"short_squeeze(k=10,n=60,rebal=20)",2569,10.53,1.9900266772132227,0.10963193515458558,0.19036361347253014,0.6414489258767381,0.8955937128914894,-0.2553949566734087,0.4292642915998516,2.081369667718176,0.4881889763779528,598,0.811132736473336,636,0.0,0.0,0.0,0.0,,10,60,20,short_squeeze
"short_squeeze(k=20,n=5,rebal=5)",2569,10.53,1.0484113052132442,0.0704785351976176,0.21299108635368844,0.426536566807781,0.559964025671747,-0.35886553481930594,0.1963925993425492,1.3840233205051153,0.5039370078740157,807,0.9026858699883222,3435,0.0,0.0,0.0,0.0,,20,5,5,short_squeeze
"short_squeeze(k=20,n=10,rebal=5)",2569,10.53,0.5546843251803075,0.042802126217920566,0.21075415315871007,0.30447873481956583,0.4028533449435496,-0.3345062306554335,0.1279561404104606,0.9879707916767633,0.48031496062992124,822,0.9025690930323084,2402,0.0,0.0,0.0,0.0,,20,10,5,short_squeeze
"short_squeeze(k=20,n=20,rebal=5)",2569,10.53,2.4901416670475927,0.12605205760197857,0.20965366187593065,0.6712833084153329,0.8926277606516159,-0.2904981333089045,0.4339169280235604,2.1781760951138693,0.5196850393700787,675,0.9026858699883222,1739,0.0,0.0,0.0,0.0,,20,20,5,short_squeeze
"short_squeeze(k=20,n=60,rebal=5)",2569,10.53,2.1941108327809173,0.11661241076871476,0.20550940568982304,0.6391313196698318,0.8951035265426682,-0.3059175217267971,0.38118905419499544,2.0738495128528815,0.4881889763779528,565,0.9025690930323084,1068,0.0,0.0,0.0,0.0,,20,60,5,short_squeeze
"short_squeeze(k=20,n=5,rebal=10)",2569,10.53,1.1099472556105798,0.07349211679179013,0.21234791947688886,0.4403768111404167,0.576480879476858,-0.3401171215093798,0.21607885091360612,1.4289320631745073,0.44881889763779526,891,0.9026469443363176,1572,0.0,0.0,0.0,0.0,,20,5,10,short_squeeze
"short_squeeze(k=20,n=10,rebal=10)",2569,10.53,1.7961207730818285,0.10258797733849523,0.21231199855421526,0.5662951217075561,0.7404189512953645,-0.3175869260270543,0.32302330143702473,1.8375110499840097,0.4881889763779528,497,0.9026858699883222,1784,0.0,0.0,0.0,0.0,,20,10,10,short_squeeze
"short_squeeze(k=20,n=20,rebal=10)",2569,10.53,2.940120428393545,0.1390968550235563,0.21278390407243433,0.7186413878016547,0.9407684292590142,-0.29775192782088056,0.46715685786334576,2.3318433100388196,0.5511811023622047,670,0.9026858699883222,1282,0.0,0.0,0.0,0.0,,20,20,10,short_squeeze
"short_squeeze(k=20,n=60,rebal=10)",2569,10.53,2.0643375538457978,0.11222221521591846,0.20397053442911878,0.6233801538436186,0.8427803508930863,-0.2757565928976432,0.4069611320501545,2.02274022346235,0.47244094488188976,586,0.9026469443363176,787,0.0,0.0,0.0,0.0,,20,60,10,short_squeeze
"short_squeeze(k=20,n=5,rebal=20)",2569,10.53,2.5904307841700307,0.12908604018997738,0.20804127274639758,0.6879682568573722,0.9008128552648015,-0.3663042168385786,0.3524011852881903,2.23231531679428,0.5354330708661418,767,0.9026469443363176,797,0.0,0.0,0.0,0.0,,20,5,20,short_squeeze
"short_squeeze(k=20,n=10,rebal=20)",2569,10.53,3.160358593983716,0.14499652251396955,0.20182053639449046,0.7722017618275838,1.0120227475864214,-0.30329823478862994,0.47806583053481455,2.505635693800066,0.5275590551181102,561,0.9026858699883222,839,0.0,0.0,0.0,0.0,,20,10,20,short_squeeze
"short_squeeze(k=20,n=20,rebal=20)",2569,10.53,1.8609779129140294,0.10499192522542566,0.20816330350656198,0.5839134458802715,0.7562800788141856,-0.3957631612591903,0.26528978819396765,1.8946788836957806,0.5196850393700787,947,0.9026858699883222,930,0.0,0.0,0.0,0.0,,20,20,20,short_squeeze
"short_squeeze(k=20,n=60,rebal=20)",2569,10.53,2.3005371561393257,0.12009391282904125,0.20682329212050365,0.6515297526969689,0.8884599692482037,-0.26755695893289966,0.4488536321686908,2.114079874755268,0.5118110236220472,565,0.9026469443363176,556,0.0,0.0,0.0,0.0,,20,60,20,short_squeeze
"margin_plus_reversal(k=5,n=5,rebal=5)",2569,10.53,0.22141825336082332,0.019178512709123297,0.11496023134538477,0.22278281037169878,0.29894640429817604,-0.26721620684950476,0.07177151766069552,0.7228843408894697,0.47244094488188976,1114,0.40027247956403267,1571,0.0,0.0,0.0,0.0,,5,5,5,margin_plus_reversal
"margin_plus_reversal(k=5,n=10,rebal=5)",2569,10.53,0.16375163951422023,0.014507633226052974,0.11503178554914086,0.18276902553935417,0.242752656366112,-0.19619551484593012,0.07394477512620835,0.5930478493452502,0.4645669291338583,800,0.40256909303230826,1282,0.0,0.0,0.0,0.0,,5,10,5,margin_plus_reversal
"margin_plus_reversal(k=5,n=20,rebal=5)",2569,10.53,0.0073480642334395885,0.0006955989563508513,0.11578591738777044,0.06398098641050277,0.08301934275558488,-0.22196424617525568,0.0031338333463022203,0.20760512498090783,0.47244094488188976,738,0.4060724017127287,1142,0.0,0.0,0.0,0.0,,5,20,5,margin_plus_reversal
"margin_plus_reversal(k=5,n=60,rebal=5)",2569,10.53,0.3377082547806556,0.028020152672278753,0.12407797802118463,0.28482085591381867,0.3834340184819411,-0.2679119335133249,0.10458717648307048,0.9241850228719036,0.4881889763779528,822,0.40144024912417287,995,0.0,0.0,0.0,0.0,,5,60,5,margin_plus_reversal
"margin_plus_reversal(k=5,n=5,rebal=10)",2569,10.53,0.5294728686538128,0.04118407755206954,0.1145542575292012,0.4096125236376042,0.5467603098495115,-0.2029550968080831,0.202922115284514,1.3291082856698586,0.4645669291338583,397,0.397041650447645,849,0.0,0.0,0.0,0.0,,5,5,10,margin_plus_reversal
"margin_plus_reversal(k=5,n=10,rebal=10)",2569,10.53,0.4106380601648969,0.033216380676328594,0.11293271030764519,0.34581390090638664,0.476856498890972,-0.24278168131694344,0.13681584416151113,1.1220948932731767,0.47244094488188976,1119,0.4023355391202803,848,0.0,0.0,0.0,0.0,,5,10,10,margin_plus_reversal
"margin_plus_reversal(k=5,n=20,rebal=10)",2569,10.53,0.34865224862601596,0.02881601757062824,0.11651176818514672,0.302300089675787,0.3792402479623084,-0.20869911363831406,0.1380744607309058,0.9809015368443775,0.5196850393700787,584,0.4066173608407941,776,0.0,0.0,0.0,0.0,,5,20,10,margin_plus_reversal
"margin_plus_reversal(k=5,n=60,rebal=10)",2569,10.53,0.9853550641894044,0.06730428101646035,0.12307813877099545,0.590929779122001,0.7862694530933778,-0.16661231759017425,0.40395741437324284,1.9174454401569647,0.5118110236220472,630,0.40517711171662124,690,0.0,0.0,0.0,0.0,,5,60,10,margin_plus_reversal
"margin_plus_reversal(k=5,n=5,rebal=20)",2569,10.53,0.879096098915906,0.06174271332185177,0.11603356659331843,0.5743687867519213,0.7999256657434991,-0.24689938729256988,0.2500723634793315,1.8637084304031752,0.5354330708661418,545,0.40023355391202803,481,0.0,0.0,0.0,0.0,,5,5,20,margin_plus_reversal
"margin_plus_reversal(k=5,n=10,rebal=20)",2569,10.53,0.45598850792117784,0.03632628101402324,0.11653476792139505,0.3644489625162117,0.5189359143823165,-0.23632119175251864,0.15371571522906424,1.1825618305865964,0.47244094488188976,826,0.4096924873491631,485,0.0,0.0,0.0,0.0,,5,10,20,margin_plus_reversal
"margin_plus_reversal(k=5,n=20,rebal=20)",2569,10.53,0.3945217567658472,0.032089383987302655,0.121469990383682,0.32095294386893003,0.41606466204422066,-0.2607572383242195,0.12306229423784379,1.0414262074265497,0.48031496062992124,657,0.4154145581938497,496,0.0,0.0,0.0,0.0,,5,20,20,margin_plus_reversal
"margin_plus_reversal(k=5,n=60,rebal=20)",2569,10.53,0.30905645094571366,0.025908295811858828,0.12534176251801846,0.2668855322872481,0.3477816634939724,-0.2409161468597102,0.10754071966353378,0.8659885912136386,0.5196850393700787,912,0.40642273258077066,461,0.0,0.0,0.0,0.0,,5,60,20,margin_plus_reversal
"margin_plus_reversal(k=10,n=5,rebal=5)",2569,10.53,0.5923675331335103,0.04517686795476372,0.20466541577119862,0.3183150485662435,0.42207408002000246,-0.3618162410531216,0.12486136007402411,1.0328667804041665,0.48031496062992124,917,0.808991825613079,2875,0.0,0.0,0.0,0.0,,10,5,5,margin_plus_reversal
"margin_plus_reversal(k=10,n=10,rebal=5)",2569,10.53,0.4979919301579374,0.03912942405760522,0.19882951971001617,0.29268414457561426,0.38406989503585054,-0.427593806850911,0.09151073619559806,0.9496997752534807,0.4881889763779528,1119,0.8102374464772286,2285,0.0,0.0,0.0,0.0,,10,10,5,margin_plus_reversal
"margin_plus_reversal(k=10,n=20,rebal=5)",2569,10.53,0.5568264258459985,0.04293850746656247,0.19809450216031857,0.31183944828232757,0.3954352056715597,-0.33875964351836685,0.12675213322520348,1.0118547910352733,0.4881889763779528,846,0.8115609186453874,2035,0.0,0.0,0.0,0.0,,10,20,5,margin_plus_reversal
"margin_plus_reversal(k=10,n=60,rebal=5)",2569,10.53,0.7929843117202173,0.05702275744557306,0.21547249284788922,0.3654806162765227,0.48205773270104363,-0.45952574016512127,0.12409045339893927,1.1859093345852412,0.4881889763779528,971,0.8118723238614247,1697,0.0,0.0,0.0,0.0,,10,60,5,margin_plus_reversal
"margin_plus_reversal(k=10,n=5,rebal=10)",2569,10.53,1.394623050564737,0.08647418288175479,0.20095357798726254,0.5130364286616903,0.7098827715304543,-0.37236703616754285,0.2322283512841523,1.6646975588764112,0.5196850393700787,386,0.8088361230050604,1598,0.0,0.0,0.0,0.0,,10,5,10,margin_plus_reversal
"margin_plus_reversal(k=10,n=10,rebal=10)",2569,10.53,1.0448784172108256,0.07030304390498188,0.19403216668506024,0.4472645791265095,0.6078566070135979,-0.33807671914233606,0.20794997089220774,1.4512814518572297,0.4566929133858268,865,0.8139743090696768,1576,0.0,0.0,0.0,0.0,,10,10,10,margin_plus_reversal
"margin_plus_reversal(k=10,n=20,rebal=10)",2569,10.53,0.6537674129221636,0.04893938775347384,0.1978081887497519,0.3410240308919817,0.43129034738107036,-0.3052975557348263,0.16030062093252181,1.1065527514780698,0.49606299212598426,676,0.8159984429739199,1377,0.0,0.0,0.0,0.0,,10,20,10,margin_plus_reversal
"margin_plus_reversal(k=10,n=60,rebal=10)",2569,10.53,2.160888168731081,0.1155040900070452,0.2148652475941319,0.6165876777139564,0.820841975942148,-0.3077577423703134,0.3753084784072254,2.0007000372298216,0.49606299212598426,716,0.8179057999221486,1200,0.0,0.0,0.0,0.0,,10,60,10,margin_plus_reversal
"margin_plus_reversal(k=10,n=5,rebal=20)",2569,10.53,1.63184720874143,0.09626554958204636,0.2057282382371649,0.5495226593569356,0.7506898542863094,-0.4367901750879506,0.22039312024970034,1.7830878636924248,0.5433070866141733,597,0.811599844297392,928,0.0,0.0,0.0,0.0,,10,5,20,margin_plus_reversal
"margin_plus_reversal(k=10,n=10,rebal=20)",2569,10.53,1.4833992884948772,0.09023712058789268,0.19992108663156533,0.5321990375716079,0.7272877627166418,-0.35585634272676114,0.2535773843356219,1.7268762785382055,0.5196850393700787,574,0.8206695212144803,927,0.0,0.0,0.0,0.0,,10,10,20,margin_plus_reversal
"margin_plus_reversal(k=10,n=20,rebal=20)",2569,10.53,1.0835649646474645,0.07220997688471198,0.2031759716511274,0.4453227834251134,0.5739231962979152,-0.36469991515240685,0.19799833749491189,1.4449807246897979,0.49606299212598426,723,0.8248345659789802,929,0.0,0.0,0.0,0.0,,10,20,20,margin_plus_reversal
"margin_plus_reversal(k=10,n=60,rebal=20)",2569,10.53,0.7122006366521367,0.0524044891555655,0.21674446654715263,0.34452065324530734,0.44740644122191475,-0.45023742290860025,0.11639301064097418,1.1178985709378653,0.49606299212598426,923,0.8200467107824055,816,0.0,0.0,0.0,0.0,,10,60,20,margin_plus_reversal
"margin_plus_reversal(k=20,n=5,rebal=5)",2569,10.53,0.6777700995814977,0.05037595512006687,0.22089191111410322,0.33329773899117104,0.43267112590278184,-0.38679582890687947,0.13023913743442878,1.0814825253734677,0.5196850393700787,790,0.9026858699883222,2379,0.0,0.0,0.0,0.0,,20,5,5,margin_plus_reversal
"margin_plus_reversal(k=20,n=10,rebal=5)",2569,10.53,0.8995110229137715,0.06283294334938971,0.2138627981445534,0.3922930869480551,0.5063293871280745,-0.38253609421585055,0.1642536333158028,1.2729102802895833,0.5039370078740157,615,0.9026858699883222,1816,0.0,0.0,0.0,0.0,,20,10,5,margin_plus_reversal
"margin_plus_reversal(k=20,n=20,rebal=5)",2569,10.53,0.5364760133083348,0.041635940156273143,0.21425055732176154,0.29815632252167945,0.37757211640334065,-0.3458721968977574,0.12037955212855997,0.967455865775776,0.5118110236220472,910,0.9026858699883222,1458,0.0,0.0,0.0,0.0,,20,20,5,margin_plus_reversal
"margin_plus_reversal(k=20,n=60,rebal=5)",2569,10.53,1.5096636397287049,0.09132704736230823,0.23000490815304894,0.4955372334013622,0.6397008631839698,-0.436526093422975,0.20921326064652052,1.60791627395253,0.5354330708661418,858,0.9026858699883222,1117,0.0,0.0,0.0,0.0,,20,60,5,margin_plus_reversal
"margin_plus_reversal(k=20,n=5,rebal=10)",2569,10.53,0.9863552912355895,0.06735534037927837,0.22014463343565566,0.4062505572302284,0.5452398052078387,-0.43567870997147873,0.15459864996315226,1.318199397024305,0.5118110236220472,569,0.9026858699883222,1413,0.0,0.0,0.0,0.0,,20,5,10,margin_plus_reversal
"margin_plus_reversal(k=20,n=10,rebal=10)",2569,10.53,1.0561730901146578,0.07086313106750652,0.20867451105177154,0.43281996078375784,0.5688494383656649,-0.3553144491928901,0.19943779722010951,1.4044116399867423,0.4881889763779528,787,0.9026858699883222,1376,0.0,0.0,0.0,0.0,,20,10,10,margin_plus_reversal
"margin_plus_reversal(k=20,n=20,rebal=10)",2569,10.53,0.7254287965480697,0.05317404416094762,0.2108217904044318,0.3518022384236808,0.44068678378659587,-0.3372370272438898,0.15767558086820682,1.141525815308815,0.5039370078740157,854,0.9026858699883222,1137,0.0,0.0,0.0,0.0,,20,20,10,margin_plus_reversal
"margin_plus_reversal(k=20,n=60,rebal=10)",2569,10.53,1.7419448821390184,0.10054093265508479,0.22971951191843465,0.5324945070032787,0.6885180482336642,-0.3891235893155852,0.25837789179505266,1.7278350159964944,0.5196850393700787,823,0.9026858699883222,882,0.0,0.0,0.0,0.0,,20,60,10,margin_plus_reversal
"margin_plus_reversal(k=20,n=5,rebal=20)",2569,10.53,1.5537642671455685,0.09313414274199538,0.21969705360966668,0.5153208334043917,0.6939103444365934,-0.47776879623443247,0.1949355911814219,1.672109981827703,0.5433070866141733,712,0.9026858699883222,853,0.0,0.0,0.0,0.0,,20,5,20,margin_plus_reversal
"margin_plus_reversal(k=20,n=10,rebal=20)",2569,10.53,1.2932700495847387,0.08202059439190812,0.21154734636411676,0.47864263061487566,0.6465978700155036,-0.39086713115687255,0.20984264946798395,1.5530967670995446,0.5118110236220472,574,0.9026858699883222,835,0.0,0.0,0.0,0.0,,20,10,20,margin_plus_reversal
"margin_plus_reversal(k=20,n=20,rebal=20)",2569,10.53,0.8611035197016832,0.060772921356312626,0.2129164365603681,0.38410660424257753,0.5027614593097051,-0.3825327165043133,0.15886986585532317,1.2463468297932072,0.5196850393700787,620,0.9026858699883222,844,0.0,0.0,0.0,0.0,,20,20,20,margin_plus_reversal
"margin_plus_reversal(k=20,n=60,rebal=20)",2569,10.53,0.836071586005535,0.05940950058011629,0.22923286974213206,0.36690922415775856,0.4812349213211466,-0.4567390343368011,0.13007318427771491,1.1905448729595602,0.5196850393700787,979,0.9026858699883222,674,0.0,0.0,0.0,0.0,,20,60,20,margin_plus_reversal
"price_momentum_cs(k=5,n=5,rebal=5)",2569,10.53,0.7642936905499673,0.05540453221585451,0.16142652554023193,0.4148638051071587,0.5628286058339447,-0.2760953895549494,0.20067170373675408,1.3461476126161815,0.5118110236220472,772,0.38540288049824833,1766,0.0,0.0,0.0,0.0,,5,5,5,price_momentum_cs
"price_momentum_cs(k=5,n=10,rebal=5)",2569,10.53,0.6789548543610135,0.050446380269679736,0.1697795305086002,0.3747405628010429,0.524258318413027,-0.33604037562810596,0.15011999726338976,1.215955954110694,0.4330708661417323,969,0.3913974309069677,1352,0.0,0.0,0.0,0.0,,5,10,5,price_momentum_cs
"price_momentum_cs(k=5,n=20,rebal=5)",2569,10.53,1.0070050762054925,0.06840430046683355,0.17632532332679124,0.46339219291748257,0.662211255304733,-0.31439058613268345,0.21757744501282433,1.5036122373696135,0.49606299212598426,942,0.3962242117555469,1010,0.0,0.0,0.0,0.0,,5,20,5,price_momentum_cs
"price_momentum_cs(k=5,n=60,rebal=5)",2569,10.53,0.9598105971159636,0.06599233917226077,0.18237312197434793,0.44163600910994,0.626895588584329,-0.2644254142123481,0.24956882215287107,1.4330179012727409,0.49606299212598426,948,0.40622810432074735,615,0.0,0.0,0.0,0.0,,5,60,5,price_momentum_cs
"price_momentum_cs(k=5,n=5,rebal=10)",2569,10.53,1.186225464544831,0.07711915075683695,0.1588936507722902,0.5470006522849905,0.7735582539268742,-0.2833772836000633,0.272143023523639,1.7749044701133605,0.44881889763779526,629,0.38703775788244454,902,0.0,0.0,0.0,0.0,,5,5,10,price_momentum_cs
"price_momentum_cs(k=5,n=10,rebal=10)",2569,10.53,0.8595467039484617,0.06068861131892245,0.16715251065433429,0.4360206303016349,0.6230345893395167,-0.3506280817091918,0.173085427222732,1.4147971534425392,0.4409448818897638,1070,0.39307123394316856,909,0.0,0.0,0.0,0.0,,5,10,10,price_momentum_cs
"price_momentum_cs(k=5,n=20,rebal=10)",2569,10.53,0.5269644512930953,0.04102177184728961,0.17531179164797764,0.3168872734308799,0.45888263002264573,-0.369226326338738,0.11110196895780167,1.0282339441187112,0.4645669291338583,1120,0.3973141300116777,692,0.0,0.0,0.0,0.0,,5,20,10,price_momentum_cs
"price_momentum_cs(k=5,n=60,rebal=10)",2569,10.53,0.9263799207634587,0.06425178802180631,0.1776716853050457,0.439413340475327,0.6119658848659721,-0.2685789375005314,0.23922869239021835,1.4258057992785735,0.5118110236220472,533,0.40338653172440636,434,0.0,0.0,0.0,0.0,,5,60,10,price_momentum_cs
"price_momentum_cs(k=5,n=5,rebal=20)",2569,10.53,0.9797547658738348,0.06701796744132782,0.159370010909352,0.4866552646660646,0.7026753371568142,-0.3091099059125987,0.21680951066083679,1.5790961145142681,0.49606299212598426,770,0.39252627481510316,472,0.0,0.0,0.0,0.0,,5,5,20,price_momentum_cs
"price_momentum_cs(k=5,n=10,rebal=20)",2569,10.53,0.6920189490951107,0.05121997872307671,0.16455354438453182,0.3856890571206558,0.565483329974019,-0.37709044729159547,0.13582942525051414,1.2514815635002186,0.4566929133858268,1073,0.39953289217594395,477,0.0,0.0,0.0,0.0,,5,10,20,price_momentum_cs
"price_momentum_cs(k=5,n=20,rebal=20)",2569,10.53,1.2776687780804483,0.08131928971352531,0.17278267956846283,0.5387881192921489,0.789994107370036,-0.32828958706449674,0.24770596728536834,1.7482564917991528,0.48031496062992124,975,0.40260801868431295,471,0.0,0.0,0.0,0.0,,5,20,20,price_momentum_cs
"price_momentum_cs(k=5,n=60,rebal=20)",2569,10.53,0.5642088182903462,0.043407225063035515,0.17426459313363313,0.3309847179035338,0.4652685889306087,-0.30731262429492223,0.14124777712151,1.0739772482759644,0.47244094488188976,1039,0.4056442195406773,309,0.0,0.0,0.0,0.0,,5,60,20,price_momentum_cs
"price_momentum_cs(k=10,n=5,rebal=5)",2569,10.53,1.453995326495063,0.08900445804196777,0.2615843413348543,0.45720183709742096,0.6129014101933926,-0.47219228303781413,0.18849197930420247,1.4835258075441236,0.4566929133858268,1043,0.7878941222265473,3383,0.0,0.0,0.0,0.0,,10,5,5,price_momentum_cs
"price_momentum_cs(k=10,n=10,rebal=5)",2569,10.53,2.2322362769847066,0.1178715064588427,0.2731328815915439,0.5447553300051862,0.7446516506489005,-0.3916946281116749,0.3009270436694289,1.7676188617057247,0.4330708661417323,957,0.799649669131958,2448,0.0,0.0,0.0,0.0,,10,10,5,price_momentum_cs
"price_momentum_cs(k=10,n=20,rebal=5)",2569,10.53,1.0576673707306394,0.07093702170333716,0.28387551084921053,0.38367011366285847,0.5256004944467293,-0.5215725398789902,0.13600605146849798,1.244930507750684,0.4251968503937008,1044,0.8020630595562477,1790,0.0,0.0,0.0,0.0,,10,20,5,price_momentum_cs
"price_momentum_cs(k=10,n=60,rebal=5)",2569,10.53,1.7177566876553154,0.09961513394051913,0.3000369011125894,0.46681368711792004,0.6351325806538626,-0.529194258474522,0.18823925684241924,1.5147142814447994,0.4645669291338583,1042,0.820241339042429,1076,0.0,0.0,0.0,0.0,,10,60,5,price_momentum_cs
"price_momentum_cs(k=10,n=5,rebal=10)",2569,10.53,3.358296961709592,0.15006241494140826,0.25752724718312736,0.671735972324034,0.9551164078554035,-0.4086152809902306,0.3672462140371986,2.1796448962782855,0.4881889763779528,947,0.7961074347995328,1730,0.0,0.0,0.0,0.0,,10,5,10,price_momentum_cs
"price_momentum_cs(k=10,n=10,rebal=10)",2569,10.53,3.7865793745812084,0.16034688697556732,0.2725392797213524,0.6820421979673608,0.9475203281069388,-0.511953215152188,0.3132061333532227,2.213086476078829,0.4645669291338583,981,0.8040871934604905,1743,0.0,0.0,0.0,0.0,,10,10,10,price_momentum_cs
"price_momentum_cs(k=10,n=20,rebal=10)",2569,10.53,0.9645134660824171,0.06623503228796546,0.2823233519251986,0.3684140837633077,0.5132800472807909,-0.5576984633516288,0.11876495389624964,1.1954278324763814,0.4645669291338583,1044,0.806267029972752,1287,0.0,0.0,0.0,0.0,,10,20,10,price_momentum_cs
"price_momentum_cs(k=10,n=60,rebal=10)",2569,10.53,1.6818754975632162,0.09822795846232579,0.2958246738278939,0.4649529225796021,0.6298984813043996,-0.5767613550259962,0.17030953548872632,1.508676483714408,0.4881889763779528,1052,0.8210198520825223,775,0.0,0.0,0.0,0.0,,10,60,10,price_momentum_cs
"price_momentum_cs(k=10,n=5,rebal=20)",2569,10.53,2.7750173572603494,0.13447505030106455,0.25930707103857764,0.6163409764934678,0.8550013781017693,-0.3855494506680174,0.3487880739242866,1.9998995425737396,0.4881889763779528,638,0.7992604126119113,903,0.0,0.0,0.0,0.0,,10,5,20,price_momentum_cs
"price_momentum_cs(k=10,n=10,rebal=20)",2569,10.53,2.4909869328517997,0.12607795683148204,0.2690045098097821,0.5758036077788588,0.8083977737834448,-0.4881592308793442,0.2582721965625271,1.868364129155792,0.4566929133858268,1042,0.8152199299338264,910,0.0,0.0,0.0,0.0,,10,10,20,price_momentum_cs
"price_momentum_cs(k=10,n=20,rebal=20)",2569,10.53,1.599359126237716,0.09497301209848152,0.2764967261753582,0.46647811968595604,0.6556740921429087,-0.543625268725436,0.17470308604519394,1.5136254342331381,0.4330708661417323,1070,0.8085247177890229,907,0.0,0.0,0.0,0.0,,10,20,20,price_momentum_cs
"price_momentum_cs(k=10,n=60,rebal=20)",2569,10.53,1.7759167900213475,0.10182879818220858,0.2941028463956529,0.47707346881007695,0.6505721691742974,-0.5533034409835408,0.18403789067568388,1.548005160188229,0.4881889763779528,1041,0.8228104320747371,559,0.0,0.0,0.0,0.0,,10,60,20,price_momentum_cs
"price_momentum_cs(k=20,n=5,rebal=5)",2569,10.53,1.3705288270423983,0.08543112966881261,0.2845463065255914,0.4309463053849488,0.5871280263025943,-0.4476548098703813,0.19084153187932737,1.3983320140687359,0.44881889763779526,1044,0.901557026080187,3349,0.0,0.0,0.0,0.0,,20,5,5,price_momentum_cs
"price_momentum_cs(k=20,n=10,rebal=5)",2569,10.53,3.866008966694939,0.1621621158451627,0.2897809010876277,0.6636805619660224,0.9308192634907209,-0.39122480510976965,0.4144985535865073,2.153506748557059,0.48031496062992124,644,0.9024133904242897,2172,0.0,0.0,0.0,0.0,,20,10,5,price_momentum_cs
"price_momentum_cs(k=20,n=20,rebal=5)",2569,10.53,0.8247258858081028,0.058785982949210336,0.3032240089848485,0.3403306986635331,0.4742988708348061,-0.5482219733300038,0.10723025673730875,1.1043030311780913,0.4566929133858268,1067,0.9018684312962242,1387,0.0,0.0,0.0,0.0,,20,20,5,price_momentum_cs
"price_momentum_cs(k=20,n=60,rebal=5)",2569,10.53,1.9992910218677866,0.10995802417020428,0.30902172845384235,0.49270996224904945,0.6599390622938175,-0.6098520011813562,0.18030280126522902,1.5987423612972158,0.49606299212598426,1079,0.9024912417282989,614,0.0,0.0,0.0,0.0,,20,60,5,price_momentum_cs
"price_momentum_cs(k=20,n=5,rebal=10)",2569,10.53,2.1803492229980046,0.11615458985211546,0.2750799872372843,0.5371956095467584,0.7605676543949716,-0.43355671006337804,0.2679109494929413,1.7430891256287737,0.44881889763779526,977,0.9018295056442195,1707,0.0,0.0,0.0,0.0,,20,5,10,price_momentum_cs
"price_momentum_cs(k=20,n=10,rebal=10)",2569,10.53,2.9014979029999877,0.1380316046372072,0.29237562744690343,0.5884111206724539,0.8384276896319696,-0.5303619849805346,0.2602592352886553,1.909272912167984,0.48031496062992124,978,0.902608018684313,1701,0.0,0.0,0.0,0.0,,20,10,10,price_momentum_cs
"price_momentum_cs(k=20,n=20,rebal=10)",2569,10.53,0.7621267597335388,0.05528134650464556,0.2999958289446544,0.32951414660639855,0.4632772755520832,-0.5715824631068334,0.09671630967151108,1.0692055472587858,0.44881889763779526,1077,0.901557026080187,1152,0.0,0.0,0.0,0.0,,20,20,10,price_momentum_cs
"price_momentum_cs(k=20,n=60,rebal=10)",2569,10.53,1.7666039332432923,0.10147717577928628,0.30799408963205643,0.4683738330770315,0.6290415211498057,-0.6470234662317303,0.15683693262361895,1.5197766337935377,0.48031496062992124,1107,0.9024912417282989,533,0.0,0.0,0.0,0.0,,20,60,10,price_momentum_cs
"price_momentum_cs(k=20,n=5,rebal=20)",2569,10.53,1.9057322184491725,0.10662216096864885,0.2763043437908413,0.5050748643939985,0.6949056808311476,-0.46566006549322236,0.2289699479720593,1.638863922392083,0.4409448818897638,762,0.901050992604126,906,0.0,0.0,0.0,0.0,,20,5,20,price_momentum_cs
"price_momentum_cs(k=20,n=10,rebal=20)",2569,10.53,2.658835595508763,0.1311117514087896,0.28611710225571607,0.5736801567145897,0.8070503346819905,-0.46540780860629005,0.2817136906263279,1.8614739677450258,0.49606299212598426,975,0.9022187621642663,877,0.0,0.0,0.0,0.0,,20,10,20,price_momentum_cs
"price_momentum_cs(k=20,n=20,rebal=20)",2569,10.53,1.6263915394136461,0.09604950838165549,0.298651903293519,0.45647161562427846,0.6469460775094337,-0.5888456471637811,0.16311491618267895,1.4811563892418982,0.4566929133858268,1079,0.9026858699883222,887,0.0,0.0,0.0,0.0,,20,20,20,price_momentum_cs
"price_momentum_cs(k=20,n=60,rebal=20)",2569,10.53,1.3600903112335962,0.08497625846042522,0.3035327763035792,0.4211327468433151,0.5605411792576291,-0.6497056269418395,0.13079193858980098,1.366489037555812,0.48031496062992124,1117,0.9026469443363176,447,0.0,0.0,0.0,0.0,,20,60,20,price_momentum_cs
"price_reversal_cs(k=5,n=5,rebal=5)",2569,10.53,-0.12694044901120705,-0.012810722337118774,0.14079239252526304,-0.0213564089576015,-0.029650286999858496,-0.3670194852501073,-0.03490474716455134,-0.06929714903642727,0.41732283464566927,1152,0.3770338653172441,1785,0.0,0.0,0.0,0.0,,5,5,5,price_reversal_cs
"price_reversal_cs(k=5,n=10,rebal=5)",2569,10.53,0.694512600497716,0.05136702715296515,0.13886871884204371,0.430173810238669,0.5788266347166774,-0.244717410331579,0.2099034436633077,1.3958254264028065,0.4881889763779528,699,0.3713117944725574,1436,0.0,0.0,0.0,0.0,,5,10,5,price_reversal_cs
"price_reversal_cs(k=5,n=20,rebal=5)",2569,10.53,0.6308877330763731,0.04755235728026852,0.1345587362747355,0.4125458918921572,0.5534944010171176,-0.2972160427706385,0.15999256580158647,1.3386264615728414,0.44881889763779526,789,0.37450369793694044,1141,0.0,0.0,0.0,0.0,,5,20,5,price_reversal_cs
"price_reversal_cs(k=5,n=60,rebal=5)",2569,10.53,0.4254801021129342,0.03424400927565463,0.1308742868336854,0.32256985844225944,0.46906908777536677,-0.27037787090667975,0.12665241116375928,1.0466727622377832,0.48031496062992124,601,0.37742312183729076,755,0.0,0.0,0.0,0.0,,5,60,5,price_reversal_cs
"price_reversal_cs(k=5,n=5,rebal=10)",2569,10.53,0.09778262751238542,0.008900149034301696,0.1432584684270568,0.1335411803094643,0.17210930814045047,-0.3284238901905919,0.027099578624249093,0.4333136293080546,0.44881889763779526,865,0.3806150253016738,905,0.0,0.0,0.0,0.0,,5,5,10,price_reversal_cs
"price_reversal_cs(k=5,n=10,rebal=10)",2569,10.53,0.6310560765412594,0.04756262687656232,0.1327309533186885,0.41646833245408493,0.5570267249513973,-0.28834822180363384,0.16494857009713984,1.3513539734286997,0.41732283464566927,977,0.3725184896847022,914,0.0,0.0,0.0,0.0,,5,10,10,price_reversal_cs
"price_reversal_cs(k=5,n=20,rebal=10)",2569,10.53,0.9151910878094711,0.06366313805380752,0.13460709678690672,0.5259070318535215,0.6895134418693204,-0.2208730023009926,0.2882341317887787,1.7064600157268914,0.4566929133858268,614,0.3734527053328143,744,0.0,0.0,0.0,0.0,,5,20,10,price_reversal_cs
"price_reversal_cs(k=5,n=60,rebal=10)",2569,10.53,0.40305855258146717,0.032687812922945536,0.1327430541463645,0.30863539123837436,0.42477338203316733,-0.2800038695559647,0.11674057567412363,1.0014582857549692,0.5039370078740157,939,0.37633320358116,508,0.0,0.0,0.0,0.0,,5,60,10,price_reversal_cs
"price_reversal_cs(k=5,n=5,rebal=20)",2569,10.53,0.5288426130952628,0.041143319901387754,0.141366247886572,0.35598493188134867,0.46066059485350674,-0.30044484702832364,0.13694133984434448,1.155097794216183,0.4566929133858268,793,0.38228882833787464,478,0.0,0.0,0.0,0.0,,5,5,20,price_reversal_cs
"price_reversal_cs(k=5,n=10,rebal=20)",2569,10.53,0.9361964802026117,0.06476569923656839,0.13195656621538798,0.5416863992073654,0.7116674534493624,-0.24390660004220377,0.26553483679966766,1.757660813266904,0.48031496062992124,638,0.3698326196963799,462,0.0,0.0,0.0,0.0,,5,10,20,price_reversal_cs
"price_reversal_cs(k=5,n=20,rebal=20)",2569,10.53,0.6417457807738152,0.04821278346696389,0.13438521743423956,0.4177260352565805,0.5430483127400951,-0.2612496522865112,0.18454678521098727,1.3554349600178355,0.4566929133858268,562,0.3751265083690152,463,0.0,0.0,0.0,0.0,,5,20,20,price_reversal_cs
"price_reversal_cs(k=5,n=60,rebal=20)",2569,10.53,0.29153933639032337,0.02459645020482837,0.12973615650803222,0.25212202390260646,0.35221473900816935,-0.32598490258063506,0.07545272805615356,0.8180840468278228,0.4566929133858268,982,0.3803814713896458,349,0.0,0.0,0.0,0.0,,5,60,20,price_reversal_cs
"price_reversal_cs(k=10,n=5,rebal=5)",2569,10.53,0.17895278540793336,0.01575888193845576,0.24497346779424697,0.18598657844588812,0.25673130848589926,-0.5380001494071496,0.02929159398156542,0.6034881459203592,0.4566929133858268,985,0.7697547683923706,3441,0.0,0.0,0.0,0.0,,10,5,5,price_reversal_cs
"price_reversal_cs(k=10,n=10,rebal=5)",2569,10.53,1.4873772680998232,0.09040286851157098,0.24267735113328628,0.4784848630408762,0.6252781209183709,-0.3961908836574355,0.22818008248200222,1.5525848438117738,0.5196850393700787,720,0.7602569093032308,2694,0.0,0.0,0.0,0.0,,10,10,5,price_reversal_cs
"price_reversal_cs(k=10,n=20,rebal=5)",2569,10.53,1.1433912940108537,0.07509675332165555,0.2327226697268274,0.4278668208138126,0.5472747584028226,-0.49487918860097446,0.1517476488230479,1.388339720808897,0.4881889763779528,965,0.7615803814713897,2034,0.0,0.0,0.0,0.0,,10,20,5,price_reversal_cs
"price_reversal_cs(k=10,n=60,rebal=5)",2569,10.53,1.0320715213471203,0.06966457046145824,0.22499154276737873,0.41154585237508556,0.5822933028430353,-0.43750525592993406,0.15923139097696906,1.3353815392830308,0.4881889763779528,757,0.7639159205916699,1258,0.0,0.0,0.0,0.0,,10,60,5,price_reversal_cs
"price_reversal_cs(k=10,n=5,rebal=10)",2569,10.53,0.5568390377342542,0.042939309925377644,0.24902849196812052,0.2937145126124433,0.37285020814970643,-0.5200967794950264,0.08256023036148845,0.9530431073442018,0.4330708661417323,938,0.7746204748929545,1752,0.0,0.0,0.0,0.0,,10,5,10,price_reversal_cs
"price_reversal_cs(k=10,n=10,rebal=10)",2569,10.53,1.0766932791995814,0.07187361187842889,0.236469026436373,0.41231650965614003,0.5279565854003656,-0.4722663839704625,0.1521887102659506,1.3378821634547848,0.47244094488188976,934,0.7595951732191514,1757,0.0,0.0,0.0,0.0,,10,10,10,price_reversal_cs
"price_reversal_cs(k=10,n=20,rebal=10)",2569,10.53,2.6606828771053816,0.13116597924106266,0.2343871907092122,0.6434265150161362,0.8302694090029024,-0.38292970986939234,0.34253278306820345,2.087786537220804,0.49606299212598426,384,0.7617360840794083,1399,0.0,0.0,0.0,0.0,,10,20,10,price_reversal_cs
"price_reversal_cs(k=10,n=60,rebal=10)",2569,10.53,1.689251012699259,0.09851446339685443,0.22506530046889417,0.529928005297692,0.7363303668873409,-0.4549522512553008,0.21653802816676712,1.7195072464942636,0.4645669291338583,856,0.7642273258077072,907,0.0,0.0,0.0,0.0,,10,60,10,price_reversal_cs
"price_reversal_cs(k=10,n=5,rebal=20)",2569,10.53,1.7373333729797356,0.10036499977008617,0.24315052738830542,0.5152631324081258,0.6605746694634232,-0.3824343799532799,0.26243717884973433,1.6719227539774717,0.5118110236220472,562,0.7763721292331647,905,0.0,0.0,0.0,0.0,,10,5,20,price_reversal_cs
"price_reversal_cs(k=10,n=10,rebal=20)",2569,10.53,2.3693755696354186,0.12229208688759496,0.23205743145448113,0.6138633265949291,0.7796937601704388,-0.3959891549578387,0.3088268589088393,1.991860078887687,0.49606299212598426,538,0.7525107045543014,893,0.0,0.0,0.0,0.0,,10,10,20,price_reversal_cs
"price_reversal_cs(k=10,n=20,rebal=20)",2569,10.53,1.096287449556431,0.07283009362778214,0.2373981872448217,0.4152870398252773,0.5283214304009994,-0.47031005608546883,0.15485548881086827,1.3475209221176563,0.49606299212598426,867,0.764966913195796,903,0.0,0.0,0.0,0.0,,10,20,20,price_reversal_cs
"price_reversal_cs(k=10,n=60,rebal=20)",2569,10.53,1.9201469876708828,0.10714240157775468,0.22146195946966885,0.5703070060379746,0.7919728174315271,-0.38652445061485696,0.2771943699999309,1.8505287884490225,0.4881889763779528,641,0.7706889840404827,630,0.0,0.0,0.0,0.0,,10,60,20,price_reversal_cs
"price_reversal_cs(k=20,n=5,rebal=5)",2569,10.53,0.4026437087662631,0.032658808668172945,0.2723071135243228,0.2542906801671961,0.343749774353708,-0.5517313451908796,0.059193317459377164,0.8251208898042987,0.4566929133858268,1048,0.9021019852082522,3547,0.0,0.0,0.0,0.0,,20,5,5,price_reversal_cs
"price_reversal_cs(k=20,n=10,rebal=5)",2569,10.53,0.9453760007157723,0.0652441314667418,0.26441563865972806,0.37198922757150016,0.48290342231848776,-0.48620481710303276,0.13419063154389885,1.2070284378869078,0.4881889763779528,888,0.9024133904242897,2521,0.0,0.0,0.0,0.0,,20,10,5,price_reversal_cs
"price_reversal_cs(k=20,n=20,rebal=5)",2569,10.53,1.6994214159614733,0.098908372716211,0.26103091223980773,0.4924976920891754,0.629235757932439,-0.49839721326044073,0.19845290078804229,1.5980535883422688,0.48031496062992124,580,0.9026858699883222,1671,0.0,0.0,0.0,0.0,,20,20,5,price_reversal_cs
"price_reversal_cs(k=20,n=60,rebal=5)",2569,10.53,1.8038444485642273,0.10287688883711876,0.25195041773504484,0.5143952372250353,0.722528827283212,-0.43190364291725636,0.23819407528550948,1.6691066128382936,0.5118110236220472,482,0.902608018684313,792,0.0,0.0,0.0,0.0,,20,60,5,price_reversal_cs
"price_reversal_cs(k=20,n=5,rebal=10)",2569,10.53,1.421992771068953,0.08764757339019424,0.27160439835418965,0.445527441117307,0.5825489586745825,-0.5119607756473525,0.17119978240396957,1.4456447967547947,0.4645669291338583,741,0.9026469443363176,1774,0.0,0.0,0.0,0.0,,20,5,10,price_reversal_cs
"price_reversal_cs(k=20,n=10,rebal=10)",2569,10.53,1.6397557049046299,0.09657800273540995,0.2676387776448839,0.47915900634716135,0.6081462756047208,-0.49372719424453004,0.19561005320597638,1.5547723000110016,0.48031496062992124,975,0.9025301673803036,1832,0.0,0.0,0.0,0.0,,20,10,10,price_reversal_cs
"price_reversal_cs(k=20,n=20,rebal=10)",2569,10.53,1.7687431424998783,0.10155803984906675,0.263748986309046,0.4992146892067355,0.6408712706816622,-0.4439348032327872,0.2287679161658621,1.6198488607242931,0.47244094488188976,534,0.9026858699883222,1295,0.0,0.0,0.0,0.0,,20,20,10,price_reversal_cs
"price_reversal_cs(k=20,n=60,rebal=10)",2569,10.53,1.6158532086078417,0.09563104439338499,0.2512783719465817,0.4890044664544705,0.6756546140941003,-0.4346366613508965,0.22002525994046068,1.5867187905348945,0.4409448818897638,856,0.902608018684313,665,0.0,0.0,0.0,0.0,,20,60,10,price_reversal_cs
"price_reversal_cs(k=20,n=5,rebal=20)",2569,10.53,1.7012780075863336,0.09898013525209204,0.2712397329186778,0.48393522186807286,0.6307688486536297,-0.491123612588115,0.2015381315723921,1.5702701357866595,0.48031496062992124,887,0.9026469443363176,912,0.0,0.0,0.0,0.0,,20,5,20,price_reversal_cs
"price_reversal_cs(k=20,n=10,rebal=20)",2569,10.53,3.174112685835005,0.14535551240454336,0.2588260835356427,0.6543745681809362,0.846720868866519,-0.4067455591275667,0.3573622603681724,2.12331071515381,0.5275590551181102,478,0.9025301673803036,946,0.0,0.0,0.0,0.0,,20,10,20,price_reversal_cs
"price_reversal_cs(k=20,n=20,rebal=20)",2569,10.53,1.3464724552360448,0.08438009863712859,0.26039877815177503,0.44187396800586626,0.576031022294751,-0.4755744723679082,0.1774277290725804,1.4337900288859684,0.4645669291338583,891,0.9026858699883222,948,0.0,0.0,0.0,0.0,,20,20,20,price_reversal_cs
"price_reversal_cs(k=20,n=60,rebal=20)",2569,10.53,2.170210061301286,0.11581613195201146,0.24907600462493115,0.5644518762251197,0.7871108604209012,-0.40803539145547885,0.283838447294708,1.8315300979821678,0.5039370078740157,481,0.9026858699883222,528,0.0,0.0,0.0,0.0,,20,60,20,price_reversal_cs
