symbol,name,entry_date,exit_date,entry_px,exit_px,hold_days,ret_gross,ret_net,mfe,mae,still_open,trend,vol_bucket,idx_ret,excess_ret,year
300146,汤臣倍健,2017-01-16,2017-02-10,297.0,297.72,14,0.00242424242424244,0.00040424242424243976,0.006464646464646506,-0.03959595959595952,False,震荡,低波动,0.02832999442678763,-0.02792575200254519,2017
603077,和邦生物,2017-01-17,2017-01-23,28.9,31.84,4,0.10173010380622838,0.09971010380622838,0.10173010380622838,-0.03321799307958473,False,震荡,低波动,0.011339722699888144,0.08837038110634024,2017
300236,上海新阳,2017-01-17,2017-02-09,52.266,57.002,12,0.09061340068113122,0.08859340068113122,0.11051161366854179,-0.033980025255424096,False,震荡,低波动,0.021022980074315356,0.06757042060681587,2017
002517,恺英网络,2017-01-17,2017-02-10,58.9,61.2,13,0.039049235993208864,0.03702923599320887,0.04278438030560272,-0.0685908319185059,False,震荡,低波动,0.02619379742421124,0.01083543856899763,2017
300409,道氏技术,2017-01-20,2017-01-25,92.495,96.725,3,0.045732201740634526,0.04371220174063453,0.12714200767609052,-0.008757230120547077,False,震荡,低波动,0.006262500409849547,0.037449701330784985,2017
001896,豫能控股,2017-04-18,2017-06-16,10.83,8.86,40,-0.18190212373037862,-0.18392212373037864,0.003693444136657398,-0.24838411819021233,False,震荡,低波动,0.016177940012822356,-0.200100063743201,2017
600396,华电辽能,2017-04-20,2017-06-06,30.117,25.359,30,-0.15798386293455524,-0.16000386293455526,0.004050868280373265,-0.1883653750373544,False,震荡,低波动,0.009050858719359844,-0.1690547216539151,2017
600707,彩虹股份,2017-04-20,2017-05-10,14.278,14.916,13,0.04468412942989208,0.04266412942989209,0.07956296400056018,-0.07543073259560162,False,震荡,低波动,-0.03577876962632354,0.07844289905621563,2017
601818,光大银行,2017-04-20,2017-05-12,4.714,4.734,15,0.004242681374628576,0.002222681374628576,0.02121340687314377,-0.016970725498515082,False,震荡,低波动,-0.022004593318022292,0.024227274692650867,2017
002353,杰瑞股份,2017-04-25,2017-05-19,139.861,151.873,17,0.08588527180557848,0.08386527180557848,0.13384717683986236,-0.09926998948956456,False,震荡,低波动,-0.010787655806356877,0.09465292761193536,2017
300236,上海新阳,2017-04-25,2017-05-10,43.626,48.986,10,0.12286251318021368,0.12084251318021369,0.14450098565075886,-0.01136936689130319,False,震荡,低波动,-0.030011886183256453,0.15085439936347014,2017
002371,北方华创,2017-04-25,2017-05-18,109.789,115.732,16,0.05413110603065885,0.052111106030658855,0.09974587618067376,-0.019182249587845757,False,震荡,低波动,-0.012455790082447571,0.06456689611310643,2017
603077,和邦生物,2017-04-26,2017-05-02,28.78,30.64,3,0.06462821403752605,0.06260821403752606,0.07713690062543432,-0.018763029881862514,False,震荡,低波动,-0.005398847084912783,0.06800706112243884,2017
002461,珠江啤酒,2017-05-08,2017-06-08,11.515,11.615,21,0.008684324793747145,0.0066643247937471445,0.04342162396873639,-0.0746851932262268,False,下跌,低波动,0.06019096048898276,-0.053526635695235615,2017
300253,卫宁健康,2017-05-12,2017-06-16,215.83,219.343,23,0.016276699254042404,0.014256699254042403,0.045850901172218794,-0.09831348746698798,False,下跌,低波动,0.039398826719600155,-0.025142127465557752,2017
002738,中矿资源,2017-05-12,2017-06-19,32.02,31.15,24,-0.027170518425983947,-0.029190518425983948,0.09041224234853207,-0.23610243597751412,False,下跌,低波动,0.0497108153294461,-0.07890133375543004,2017
002074,国轩高科,2017-05-15,2017-06-06,101.934,105.753,14,0.03746541880040022,0.035445418800400225,0.06952537916691193,-0.07132065846528146,False,下跌,低波动,0.027562448701013986,0.007882970099386238,2017
000612,焦作万方,2017-05-17,2017-06-16,78.037,79.207,20,0.014992887989030645,0.012972887989030644,0.055358355651806024,-0.05997155195612347,False,震荡,低波动,0.03190350648246176,-0.01893061849343112,2017
000987,越秀资本,2017-05-24,2017-05-26,39.998,41.548,2,0.03875193759687989,0.0367319375968799,0.04387719385969313,-0.013150657532876586,False,震荡,低波动,0.016430259011672943,0.020301678585206956,2017
300253,卫宁健康,2017-07-18,2017-07-28,179.187,194.611,8,0.08607767304547753,0.08405767304547754,0.12317857880314964,-0.011875861530133425,False,上涨,中波动,0.014918820456045312,0.06913885258943223,2017
600161,天坛生物,2017-07-18,2017-08-18,190.327,196.472,23,0.03228653843122631,0.03026653843122631,0.05210506128925485,-0.02748953117529307,False,上涨,中波动,0.01567689614363088,0.01458964228759543,2017
600919,江苏银行,2017-09-28,2017-11-23,8.588,8.128,35,-0.053563111318118195,-0.05558311131811819,0.013972985561248263,-0.0908244061481136,False,震荡,低波动,0.07321309914350138,-0.12879621046161957,2017
600908,无锡银行,2017-10-16,2017-11-14,9.41,8.85,21,-0.05951115834218923,-0.061531158342189224,0.002125398512220933,-0.11052072263549428,False,上涨,低波动,0.04750284276022443,-0.10903400110241365,2017
600500,中化国际,2017-11-20,2018-01-03,47.18,45.594,31,-0.033615938957185176,-0.03563593895718517,0.020178041543026604,-0.07144976685036042,False,上涨,低波动,-0.00782850647830624,-0.02780743247887893,2017
600550,保变电气,2017-11-20,2018-01-04,43.433,47.856,32,0.10183501024566577,0.09981501024566578,0.1054727971818663,-0.11640918195841865,False,上涨,低波动,-0.0036246660697951683,0.10343967631546094,2017
601179,中国西电,2017-11-20,2018-01-03,5.18,4.91,31,-0.05212355212355202,-0.05414355212355201,0.007722007722007707,-0.0868725868725867,False,上涨,低波动,-0.00782850647830624,-0.04631504564524577,2017
600629,华建集团,2017-11-21,2017-12-11,83.579,80.119,14,-0.041397958817406266,-0.04341795881740626,0.0043312315294512516,-0.07661015326816534,False,上涨,中波动,-0.035137634255636874,-0.008280324561769387,2017
000680,山推股份,2017-11-22,2017-12-13,25.951,25.789,15,-0.006242534006396627,-0.008262534006396628,0.052252321683172065,-0.043851874686909986,False,上涨,中波动,-0.04198156387712082,0.03371902987072419,2017
001896,豫能控股,2017-11-24,2017-12-15,7.48,7.34,15,-0.018716577540107027,-0.020736577540107028,0.009358288770053402,-0.03074866310160429,False,上涨,高波动,-0.030052141708493685,0.009315564168386657,2017
002353,杰瑞股份,2017-12-07,2017-12-28,103.669,108.505,15,0.04664846771937614,0.04462846771937615,0.07674425334477997,-0.010533524968891372,False,震荡,高波动,0.012047161211364177,0.03258130650801197,2017
600012,XD皖通高,2017-12-25,2018-01-25,17.377,18.013,22,0.03660010358519905,0.03458010358519906,0.0586982793347528,-0.06353225527996775,False,震荡,高波动,0.08005364291829342,-0.045473539333094365,2017
600110,诺德股份,2017-12-28,2018-01-04,123.942,131.239,4,0.0588743121782771,0.056854312178277105,0.06541769537364273,-0.006535314905358858,False,震荡,高波动,0.027348279379930007,0.029506032798347098,2017
002461,珠江啤酒,2018-02-02,2018-03-07,10.205,10.065,18,-0.013718765311122039,-0.01573876531112204,0.02547770700636942,-0.0979911807937286,False,上涨,高波动,-0.05492094783001611,0.03918218251889407,2018
600998,九州通,2018-02-07,2018-02-27,16.68,17.43,9,0.04496402877697836,0.042944028776978366,0.05455635491606725,-0.02218225419664277,False,下跌,高波动,0.002093568695222814,0.04085046008175555,2018
600105,永鼎股份,2018-02-07,2018-03-02,40.507,43.783,12,0.08087491050929474,0.07885491050929475,0.10531513071814769,-0.052682252450193756,False,下跌,高波动,-0.008403900752993465,0.08725881126228821,2018
300236,上海新阳,2018-02-07,2018-02-27,39.29,50.058,9,0.27406464749300086,0.2720446474930009,0.27406464749300086,-0.04846016798167463,False,下跌,高波动,0.002093568695222814,0.2699510787977781,2018
600110,诺德股份,2018-02-07,2018-02-28,105.835,113.538,10,0.07278310577786185,0.07076310577786185,0.1149147257523504,-0.09192611139982043,False,下跌,高波动,-0.006631280088877922,0.07739438586673977,2018
000988,华工科技,2018-02-07,2018-02-27,142.93,153.797,9,0.07603022458546138,0.07401022458546139,0.10571608479675354,-0.031141118029804793,False,下跌,高波动,0.002093568695222814,0.07191665589023857,2018
000062,深圳华强,2018-02-08,2018-03-07,85.128,91.103,14,0.07018842214077625,0.06816842214077626,0.07999718071609818,-0.058852551451931245,False,下跌,高波动,0.006131528769581562,0.062036893371194696,2018
600323,瀚蓝环境,2018-02-12,2018-02-26,38.515,41.185,5,0.06932364014020509,0.0673036401402051,0.07825522523692086,-0.006880436193690831,False,下跌,高波动,0.058692578596951206,0.00861106154325389,2018
002608,江苏国信,2018-02-12,2018-03-01,22.074,24.114,8,0.0924164175047566,0.0903964175047566,0.12131919905771493,-0.009241641750475704,False,下跌,高波动,0.040870414642297126,0.04952600286245948,2018
601607,上海医药,2018-02-12,2018-03-07,162.804,173.465,12,0.06548364905039183,0.06346364905039184,0.07572909756517054,-0.0008906415075797813,False,下跌,高波动,0.037672553404796805,0.025791095645595036,2018
000987,越秀资本,2018-02-26,2018-02-27,33.534,33.739,1,0.006113198544760445,0.004093198544760445,0.014820778910956012,-0.0034889962426193355,False,震荡,高波动,-0.014432719343826061,0.018525917888586506,2018
000983,山西焦煤,2018-03-26,2018-04-25,47.14,48.438,20,0.027535002121340746,0.025515002121340745,0.05929147221043696,-0.02013152312261346,False,下跌,高波动,-0.013193673016503094,0.03870867513784384,2018
600320,振华重工,2018-03-27,2018-04-12,53.775,56.7,10,0.05439330543933063,0.052373305439330636,0.06346815434681541,-0.009056252905625284,False,下跌,高波动,-0.003738561356614878,0.056111866795945514,2018
601186,中国铁建,2018-03-27,2018-04-11,10.86,11.25,9,0.035911602209944826,0.03389160220994483,0.03867403314917128,-0.011049723756906049,False,下跌,高波动,0.006406406917999652,0.02748519529194518,2018
601006,大秦铁路,2018-03-29,2018-04-25,12.25,12.15,17,-0.008163265306122436,-0.010183265306122437,0.004081632653061273,-0.038367346938775526,False,下跌,高波动,-0.016782013584828226,0.006598748278705789,2018
600390,五矿资本,2018-05-30,2018-07-23,39.623,35.573,37,-0.10221336092673439,-0.10423336092673438,0.0181712641647529,-0.16013426545188403,False,震荡,中波动,-0.05307557400956653,-0.05115778691716785,2018
600110,诺德股份,2018-06-14,2018-07-11,86.512,73.391,18,-0.15166682078786753,-0.15368682078786755,0.004692990567782607,-0.240533105233956,False,下跌,高波动,-0.09695312148026825,-0.056733699307599306,2018
002074,国轩高科,2018-06-19,2018-07-13,52.297,53.345,18,0.020039390404803292,0.01801939040480329,0.07193529265541043,-0.10289309138191483,False,下跌,高波动,-0.035466927359490974,0.053486317764294265,2018
600908,无锡银行,2018-06-20,2018-07-23,5.97,6.21,23,0.04020100502512558,0.038181005025125586,0.08040201005025138,-0.02345058626465657,False,下跌,高波动,-0.030172413793103425,0.06835341881822901,2018
600320,振华重工,2018-06-20,2018-07-09,44.708,45.0,13,0.006531269571441456,0.004511269571441456,0.034893084011810016,-0.015276907935939832,False,下跌,高波动,-0.0484838148889819,0.05299508446042336,2018
600499,科达制造,2018-06-20,2018-07-27,177.461,172.643,27,-0.02714962724204195,-0.029169627242041953,0.048878345101176945,-0.11540000338102463,False,下跌,高波动,-0.03141572959531724,0.002246102353275291,2018
000680,山推股份,2018-06-20,2018-06-25,17.495,18.199,3,0.040240068591026024,0.03822006859102603,0.11151757645041438,-0.01549014004001148,False,下跌,高波动,-0.020619237286270686,0.058839305877296716,2018
300102,乾照光电,2018-06-22,2018-07-02,32.6,35.35,6,0.08435582822085896,0.08233582822085897,0.09969325153374231,-0.004601226993865004,False,下跌,高波动,-0.05567901576657708,0.13801484398743605,2018
601818,光大银行,2018-06-27,2018-07-13,4.622,4.622,12,0.0,-0.00202,0.002163565556036362,-0.04543487667676327,False,下跌,高波动,0.009663916560189056,-0.011683916560189057,2018
600919,江苏银行,2018-06-28,2018-07-23,6.488,6.638,17,0.02311960542540059,0.02109960542540059,0.04469790382244132,-0.020036991368680757,False,下跌,高波动,0.029858070471121767,-0.008758465045721177,2018
600066,宇通客车,2018-06-29,2018-07-26,574.152,555.345,19,-0.03275613426409729,-0.034776134264097286,0.015050021597068364,-0.10092275216319035,False,下跌,高波动,0.007197420663176635,-0.04197355492727392,2018
002271,东方雨虹,2018-07-03,2018-07-16,327.754,358.966,9,0.09522995905465681,0.09320995905465682,0.10394381151717447,-0.06410905740280826,False,下跌,高波动,0.01842324479068891,0.07478671426396791,2018
600110,诺德股份,2018-08-31,2018-09-25,61.365,64.743,16,0.055047665607430796,0.0530276656074308,0.07046361932697787,-0.013216002607349453,False,震荡,高波动,0.013585245164192683,0.03944242044323812,2018
300409,道氏技术,2018-09-11,2018-09-25,84.257,90.305,9,0.07178038619936622,0.06976038619936623,0.09677534210807415,-0.021149578076599118,False,下跌,高波动,0.04825678228155117,0.021503603917815056,2018
600499,科达制造,2018-10-12,2018-11-01,129.035,129.517,14,0.0037354206223116915,0.0017154206223116912,0.02427248420971062,-0.14003177432479563,False,下跌,高波动,0.0019869241468053467,-0.0002715035244936555,2018
600888,新疆众和,2018-10-15,2018-11-05,48.475,48.876,15,0.008272305312016393,0.006252305312016392,0.020670448684888987,-0.08686952037132534,False,下跌,高波动,0.043624558204993,-0.03737225289297661,2018
603444,吉比特,2018-10-15,2018-11-01,105.21,115.39,13,0.09675886322592908,0.09473886322592909,0.19000095047999244,-0.053512023571903766,False,下跌,高波动,0.016178093364678903,0.07856076986125018,2018
600711,盛屯矿业,2018-10-16,2018-11-05,51.361,52.119,14,0.01475827962851195,0.012738279628511949,0.04612449134557339,-0.14577208387687146,False,下跌,高波动,0.05219979554784482,-0.03946151591933287,2018
002517,恺英网络,2018-10-16,2018-11-01,24.18,24.78,12,0.02481389578163773,0.02279389578163773,0.11910669975186106,-0.08933002481389574,False,下跌,高波动,0.024527809040397086,-0.0017339132587593578,2018
000988,华工科技,2018-10-16,2018-11-07,120.471,121.609,16,0.009446256775489381,0.007426256775489381,0.031783582770957164,-0.13917872351022242,False,下跌,高波动,0.039000699781036374,-0.031574443005546994,2018
603077,和邦生物,2018-10-17,2018-10-31,21.424,22.216,10,0.03696788648244964,0.03494788648244965,0.07393577296489906,-0.01232262882748314,False,下跌,高波动,0.011407039204682112,0.023540847277767535,2018
600323,瀚蓝环境,2018-10-17,2018-11-01,36.029,38.383,11,0.06533625690416045,0.06331625690416046,0.09467373504676768,-0.049154847483971253,False,下跌,高波动,0.018850316684037693,0.04446594022012276,2018
002271,东方雨虹,2018-10-18,2018-10-23,242.89,274.714,3,0.13102227345712048,0.12900227345712045,0.1763761373461239,-0.057112273045411444,False,下跌,高波动,0.04567088973488942,0.08333138372223103,2018
000703,恒逸石化,2018-10-19,2018-11-02,79.535,85.838,10,0.07924812975419626,0.07722812975419627,0.19694474130885786,-0.01019676871817432,False,下跌,高波动,0.049538270147849284,0.027689859606346984,2018
600919,江苏银行,2018-12-26,2019-01-07,6.268,6.458,6,0.030312699425654177,0.028292699425654176,0.030312699425654177,-0.0063816209317166805,False,下跌,中波动,0.017411551516806956,0.01088114790884722,2018
000983,山西焦煤,2018-12-28,2019-01-18,37.056,37.605,13,0.014815414507771907,0.012795414507771906,0.029630829015544258,-0.035028065630397065,False,下跌,中波动,0.052320927374487125,-0.03952551286671522,2018
600673,东阳光,2018-12-28,2019-01-07,79.19,83.083,4,0.049160247505998234,0.04714024750599824,0.058719535294860625,-0.025937618386159933,False,下跌,中波动,0.014498530217727179,0.03264171728827106,2018
002517,恺英网络,2019-02-01,2019-02-15,20.1,22.68,5,0.12835820895522376,0.12633820895522374,0.15820895522388057,-0.0029850746268658135,False,上涨,低波动,0.028114799531933077,0.09822340942329066,2019
002180,奔图科技,2019-05-07,2019-05-29,108.863,115.746,16,0.06322625685494598,0.06120625685494599,0.1613863296069371,-0.03826828215279754,False,下跌,高波动,-0.015255316918727058,0.07646157377367305,2019
603260,合盛硅业,2019-05-07,2019-05-31,47.141,49.361,18,0.0470927642604102,0.04507276426041021,0.09609469463948583,-0.03606202668589964,False,下跌,高波动,-0.024425708272972413,0.06949847253338262,2019
603259,药明康德,2019-05-17,2019-06-12,81.32,80.84,17,-0.005902606984751424,-0.007922606984751425,0.015248401377275123,-0.05767338908017705,False,下跌,高波动,0.011603942161172442,-0.019526549145923867,2019
600105,永鼎股份,2019-08-07,2019-08-09,40.072,45.619,2,0.1384258334997004,0.13640583349970037,0.17797963665402272,0.0,False,下跌,低波动,0.0033412215616484,0.13306461193805197,2019
601390,XD中国中,2019-08-07,2019-08-28,6.667,6.877,15,0.031498425078746006,0.029478425078746005,0.04649767511624425,-0.011999400029998553,False,下跌,低波动,0.05002167652004874,-0.020543251441302736,2019
601288,农业银行,2019-08-08,2019-09-05,4.83,4.84,20,0.0020703933747412417,5.039337474124165e-05,0.012422360248447228,-0.01242236024844734,False,下跌,低波动,0.06977644176393794,-0.06972604838919669,2019
002602,世纪华通,2019-08-09,2019-09-03,70.807,70.883,17,0.0010733402064766473,-0.0009466597935233528,0.005366701032383681,-0.0731424859124098,False,下跌,低波动,0.060569198547968384,-0.06151585834149174,2019
603077,和邦生物,2019-08-12,2019-09-11,23.14,23.008,22,-0.005704407951598989,-0.007724407951598989,0.005704407951598878,-0.06845289541918753,False,下跌,低波动,0.06244762239463664,-0.07017203034623562,2019
300102,乾照光电,2019-08-12,2019-08-15,26.475,26.525,3,0.0018885741265344258,-0.0001314258734655743,0.035882908404154756,-0.0056657223796034994,False,下跌,低波动,-0.0013787137411802597,0.0012472878677146854,2019
600060,海信视像,2019-08-13,2019-09-03,47.063,48.504,15,0.030618532605231286,0.028598532605231285,0.05027303826785379,-0.021843061428298394,False,下跌,低波动,0.05124735729386898,-0.022648824688637693,2019
601288,农业银行,2020-02-04,2020-02-20,4.74,4.87,12,0.02742616033755274,0.02540616033755274,0.03375527426160341,0.0,False,下跌,高波动,0.09483733265709371,-0.06943117231954096,2020
600908,无锡银行,2020-02-04,2020-02-18,5.28,5.65,10,0.07007575757575757,0.06805575757575758,0.07765151515151514,0.0,False,下跌,高波动,0.0718161262032313,-0.003760368627473726,2020
000983,山西焦煤,2020-02-04,2020-02-24,35.109,37.855,14,0.07821356347375308,0.07619356347375308,0.08530576205531348,0.0,False,下跌,高波动,0.09171500723787784,-0.01552144376412476,2020
000680,山推股份,2020-02-04,2020-02-18,15.272,17.874,10,0.17037716081718157,0.16835716081718155,0.19525929806181264,0.0,False,下跌,高波动,0.0718161262032313,0.09654103461395025,2020
601818,光大银行,2020-02-04,2020-02-18,4.994,5.214,10,0.04405286343612347,0.042032863436123474,0.05006007208650387,-0.002002402883460097,False,下跌,高波动,0.0718161262032313,-0.029783262767107826,2020
601006,大秦铁路,2020-02-04,2020-03-06,12.12,12.21,23,0.007425742574257654,0.005405742574257654,0.04702970297029707,-0.012376237623762276,False,下跌,高波动,0.09321277247704485,-0.08780702990278719,2020
601390,XD中国中,2020-02-04,2020-02-18,5.677,6.177,10,0.0880746873348599,0.08605468733485991,0.09335916857495152,0.0,False,下跌,高波动,0.0718161262032313,0.014238561131628608,2020
601186,中国铁建,2020-02-04,2020-02-18,9.8,10.93,10,0.11530612244897953,0.11328612244897954,0.1193877551020408,0.0,False,下跌,高波动,0.0718161262032313,0.041469996245748236,2020
000035,中国天楹,2020-02-04,2020-02-10,22.38,29.741,4,0.3289097408400359,0.3268897408400359,0.3450402144772118,0.0,False,下跌,高波动,0.034438034255766636,0.2924517065842693,2020
600919,江苏银行,2020-02-04,2020-02-21,7.148,7.378,13,0.03217683268047011,0.030156832680470116,0.04196978175713495,-0.002797985450475604,False,下跌,高波动,0.09611320674971724,-0.06595637406924712,2020
600111,北方稀土,2020-02-10,2020-02-18,183.928,198.848,6,0.08111869862119958,0.07909869862119959,0.11016267235004995,-0.007013614022878478,False,下跌,高波动,0.03613371773820795,0.04296498088299164,2020
002946,新乳业,2020-02-18,2020-02-19,11.09,11.28,1,0.017132551848512145,0.015112551848512144,0.028854824165915227,-0.006311992786294018,False,震荡,高波动,-0.0015280307380635128,0.016640582586575657,2020
002461,珠江啤酒,2020-02-18,2020-02-20,13.875,13.935,2,0.00432432432432428,0.00230432432432428,0.03747747747747754,-0.011531531531531525,False,震荡,高波动,0.021478690132618272,-0.019174365808293993,2020
002353,杰瑞股份,2020-03-17,2020-04-13,213.727,207.877,18,-0.027371366275669384,-0.029391366275669385,0.014598062013690294,-0.20327801354063824,False,下跌,高波动,0.01174764400163908,-0.041139010277308465,2020
600066,宇通客车,2020-03-24,2020-04-01,424.714,468.173,6,0.10232532951586237,0.10030532951586238,0.11668793588155801,-0.0029902475548251317,False,下跌,高波动,0.013784409300683143,0.08652092021517924,2020
600550,保变电气,2020-09-11,2020-10-13,25.58,29.846,16,0.16677091477716965,0.16475091477716963,0.21000781860828788,-0.030883502736512858,False,震荡,中波动,0.04579796338237574,0.1189529513947939,2020
600167,联美控股,2020-09-11,2020-09-21,43.112,45.782,6,0.06193171274819065,0.059911712748190654,0.06427444794952675,0.0,False,震荡,中波动,0.01386343597102413,0.046048276777166525,2020
600707,彩虹股份,2020-09-28,2020-10-13,7.719,8.198,5,0.06205467029407963,0.060034670294079634,0.06969814742842328,-0.00259100919808275,False,下跌,中波动,0.056153438194988636,0.0038812320990909976,2020
000035,中国天楹,2020-11-02,2020-11-06,21.813,22.894,4,0.04955760326410852,0.047537603264108524,0.07555127676156426,-0.004721954797597627,False,上涨,中波动,0.0349281800022454,0.012609423261863123,2020
600673,东阳光,2020-11-03,2020-11-19,60.257,63.933,12,0.061005360373068696,0.0589853603730687,0.08792339479230638,-0.01256285576779459,False,上涨,中波动,0.03148678404876115,0.02749857632430755,2020
600396,华电辽能,2020-11-03,2020-11-13,16.118,18.924,8,0.17409107829755555,0.17207107829755552,0.2497828514704057,-0.003784588658642507,False,上涨,中波动,0.01659633787958703,0.1554747404179685,2020
603444,吉比特,2020-11-26,2020-12-09,404.7,431.96,9,0.06735853718804052,0.06533853718804053,0.08369162342475911,-0.06671608598962198,False,上涨,中波动,0.004697545933705749,0.06064099125433478,2020
600105,永鼎股份,2020-12-03,2020-12-31,45.52,45.223,20,-0.006524604569420167,-0.008544604569420168,0.02177065026362035,-0.2328207381370827,False,上涨,低波动,0.030497957311165003,-0.03904256188058517,2020
300672,国科微,2020-12-21,2021-01-06,70.694,72.368,11,0.023679520185588387,0.021659520185588386,0.03539197103007319,-0.08094039098084715,False,震荡,低波动,0.07347766126922983,-0.051818141083641446,2020
603283,赛腾股份,2021-01-14,2021-03-02,35.88,30.95,28,-0.13740245261984396,-0.13942245261984398,0.06326644370122625,-0.25,False,上涨,中波动,-0.0220877220562804,-0.11733473056356358,2021
601139,深圳燃气,2021-02-01,2021-02-22,14.357,14.942,10,0.04074667409625965,0.038726674096259656,0.059761788674514316,-0.019015114578254444,False,上涨,中波动,0.03316567146271909,0.005561002633540563,2021
300308,中际旭创,2021-03-10,2021-04-06,182.326,172.936,18,-0.05150115726775106,-0.05352115726775106,0.007464651229117214,-0.17191185020238475,False,下跌,高波动,0.027326270432747712,-0.08084742770049877,2021
600673,东阳光,2021-05-10,2021-05-13,51.931,55.391,3,0.06662687027016623,0.06460687027016623,0.08952263580520303,-0.012497352255878003,False,下跌,中波动,0.0001101670131919974,0.06449670325697424,2021
600998,九州通,2021-06-22,2021-08-11,16.418,15.438,36,-0.05969058350590806,-0.06171058350590805,0.006090875867949874,-0.10354488975514675,False,震荡,低波动,-0.020854483264872603,-0.04085610024103545,2021
601818,光大银行,2021-07-12,2021-08-11,5.128,5.058,22,-0.013650546021840904,-0.015670546021840905,0.00975039001560063,-0.03315132605304205,False,震荡,中波动,-0.022867062429009266,0.0071965164071683616,2021
600060,海信视像,2021-09-01,2021-09-13,66.799,72.817,8,0.09009116902947634,0.08807116902947634,0.09778589499842805,0.0,False,下跌,中波动,0.02509518509239217,0.06297598393708417,2021
002461,珠江啤酒,2022-01-28,2022-02-17,17.525,18.525,9,0.05706134094151216,0.05504134094151217,0.06390870185449371,-0.01940085592011409,False,下跌,中波动,0.014328066488889624,0.040713274452622544,2022
600707,彩虹股份,2022-01-28,2022-03-23,11.268,11.268,33,0.0,-0.00202,0.10259140930067434,-0.111466098686546,False,下跌,中波动,-0.06294138398736127,0.060921383987361265,2022
000703,恒逸石化,2022-03-08,2022-05-06,86.225,74.948,38,-0.13078573499565094,-0.13280573499565096,0.0009510002899391079,-0.20605392867497818,False,下跌,高波动,-0.08359610727272304,-0.04920962772292792,2022
600066,宇通客车,2022-03-08,2022-05-12,389.134,350.504,42,-0.09927171616975128,-0.10129171616975127,0.005224421407535651,-0.14368315284709132,False,下跌,高波动,-0.07189260536551179,-0.029399110804239487,2022
600323,瀚蓝环境,2022-03-09,2022-03-30,53.825,55.041,15,0.022591732466325842,0.02057173246632584,0.037324663260566604,-0.05503019043195545,False,下跌,高波动,0.0065659493416305725,0.014005783124695269,2022
002867,周大生,2022-03-15,2022-05-06,37.172,33.729,33,-0.09262348003873877,-0.09464348003873876,0.0012105886150866052,-0.20641880985688155,False,下跌,高波动,-0.018823688880744815,-0.07581979115799395,2022
000612,焦作万方,2022-03-16,2022-04-15,63.366,67.056,20,0.05823312186345997,0.056213121863459975,0.07101600227251215,-0.0326673610453555,False,下跌,高波动,0.007860772651152148,0.04835234921230783,2022
600060,海信视像,2022-03-16,2022-04-07,65.771,68.908,14,0.04769579297866833,0.045675792978668334,0.07349743808061304,-0.022684769883383304,False,下跌,高波动,0.012757213528132416,0.03291857945053592,2022
300124,汇川技术,2022-03-16,2022-04-01,1161.123,1253.491,12,0.07955057302284074,0.07753057302284075,0.11163072301556332,-0.01056993961880015,False,下跌,高波动,0.028892610344362968,0.04863796267847778,2022
603260,合盛硅业,2022-04-12,2022-05-18,130.075,120.359,23,-0.07469536805689025,-0.07671536805689025,0.04832596578896786,-0.22225639054391688,False,下跌,高波动,-0.044990753522154536,-0.03172461453473571,2022
600161,天坛生物,2022-04-12,2022-05-06,251.173,246.389,15,-0.019046633197039475,-0.021066633197039476,0.021312004076871283,-0.1491840285380992,False,下跌,高波动,-0.06486888661880352,0.04380225342176405,2022
603283,赛腾股份,2022-04-14,2022-05-12,19.149,18.539,17,-0.031855449370724265,-0.03387544937072426,0.06005535537103768,-0.1791216251501384,False,震荡,高波动,-0.055547205462392335,0.021671756091668076,2022
601137,博威合金,2022-04-22,2022-05-12,23.658,26.898,11,0.13695155972609685,0.13493155972609683,0.17161213965677558,-0.11328091977343813,False,下跌,高波动,-0.013582507942440758,0.14851406766853759,2022
002074,国轩高科,2022-04-25,2022-05-11,112.153,125.916,9,0.12271628935472068,0.12069628935472068,0.2301409681417348,-0.14140504489402872,False,下跌,高波动,0.04233651645779335,0.07835977289692733,2022
300409,道氏技术,2022-04-25,2022-05-11,89.873,103.751,9,0.15441790081559525,0.15239790081559523,0.19827979482158153,-0.09433311450602522,False,下跌,高波动,0.04233651645779335,0.11006138435780188,2022
688106,金宏气体,2022-04-26,2022-05-20,16.43,18.127,15,0.10328667072428477,0.10126667072428477,0.11850273889227014,-0.07425441265976862,False,下跌,高波动,0.07755568005242974,0.02371099067185503,2022
600111,北方稀土,2022-05-06,2022-05-12,578.116,626.008,4,0.08284150585695604,0.08082150585695605,0.1401933176040795,-0.028675905873561613,False,下跌,高波动,0.01277111762629124,0.06805038823066481,2022
688017,绿的谐波,2022-05-06,2022-05-09,84.23,90.1,1,0.06969013415647618,0.06767013415647619,0.07325181051881757,-0.01092247417784642,False,下跌,高波动,-0.00802799821941147,0.07569813237588766,2022
688260,昀冢科技,2022-05-06,2022-05-17,12.13,13.46,7,0.1096455070074196,0.1076255070074196,0.13602638087386643,0.0,False,下跌,高波动,0.02483358149006598,0.08279192551735362,2022
600499,科达制造,2022-05-09,2022-05-12,364.42,383.212,3,0.051566873387849155,0.04954687338784916,0.10181384117227377,-0.011239778277811308,False,下跌,高波动,0.020967442436246486,0.028579430951602675,2022
600110,诺德股份,2022-05-11,2022-05-12,123.659,127.577,1,0.031683904932111595,0.029663904932111594,0.08632610647021233,-0.012025004245546311,False,下跌,高波动,-0.004446210410369189,0.03411011534248078,2022
002602,世纪华通,2022-05-11,2022-06-07,43.802,46.08,18,0.052006757682297566,0.04998675768229757,0.05826217980914117,-0.0332861513172914,False,下跌,高波动,0.050978015400787724,-0.0009912577184901517,2022
000028,国药一致,2022-05-12,2022-05-16,117.13,119.627,2,0.02131819346025776,0.01929819346025776,0.029539827542047314,-0.011576880389310928,False,下跌,高波动,-0.0005557323794944669,0.019853925839752228,2022
300001,特锐德,2022-05-12,2022-05-19,93.677,97.637,5,0.042272916510989855,0.04025291651098986,0.09652315936676015,-0.00422729165109903,False,下跌,高波动,0.010321465920974937,0.029931450590014924,2022
300102,乾照光电,2022-05-12,2022-05-24,35.475,37.125,8,0.046511627906976605,0.04449162790697661,0.05496828752642702,-0.02255109231853425,False,下跌,高波动,0.00010356830708757592,0.044388059599889035,2022
000612,焦作万方,2022-05-12,2022-05-23,57.336,64.896,7,0.13185433235663457,0.12983433235663455,0.1946421096693176,-0.010987861029719492,False,下跌,高波动,0.024058159919570388,0.10577617243706416,2022
002353,杰瑞股份,2022-05-12,2022-05-13,274.09,279.94,1,0.021343354372651335,0.019323354372651334,0.03784888175416845,-0.020774198256047094,False,下跌,高波动,0.007542804023502381,0.011780550349148954,2022
300672,国科微,2022-05-12,2022-05-19,102.92,107.718,5,0.04661873299650221,0.044598732996502216,0.2706956859696852,-0.007743878740769539,False,下跌,高波动,0.010321465920974937,0.03427726707552728,2022
300236,上海新阳,2022-05-13,2022-05-20,72.578,73.226,5,0.008928325387858482,0.006908325387858482,0.03505194411529655,-0.02678497616357578,False,下跌,高波动,0.02231359374216524,-0.015405268354306757,2022
300146,汤臣倍健,2022-08-03,2022-08-26,515.64,524.52,17,0.017221317198045094,0.015201317198045093,0.03630439841750066,-0.02839190132650682,False,下跌,低波动,0.009975460907110545,0.005225856290934548,2022
603444,吉比特,2022-08-26,2022-09-19,325.5,334.83,15,0.02866359447004596,0.02664359447004596,0.06110599078341017,-0.03923195084485398,False,震荡,中波动,-0.043712188530876106,0.07035578300092207,2022
002271,东方雨虹,2022-09-09,2022-09-16,882.493,999.079,4,0.132109829766355,0.13008982976635497,0.14112519872678875,-0.0017337248000834915,False,下跌,低波动,-0.03935472996905076,0.16944455973540573,2022
300253,卫宁健康,2022-09-09,2022-10-10,239.722,250.093,15,0.043262612526176136,0.04124261252617614,0.08652939655100478,-0.06922602013999546,False,下跌,低波动,-0.09107697268301496,0.1323195852091911,2022
300102,乾照光电,2022-09-27,2022-10-18,32.75,33.7,10,0.02900763358778624,0.02698763358778624,0.03511450381679393,-0.0778625954198473,False,下跌,低波动,-0.013881252729748494,0.040868886317534735,2022
600711,盛屯矿业,2022-10-31,2022-11-08,56.097,61.404,6,0.09460398951815607,0.09258398951815608,0.11825944346399986,-0.03210510365973229,False,下跌,高波动,0.06858095590959623,0.02400303360855985,2022
600908,无锡银行,2022-11-01,2022-11-24,5.83,6.14,17,0.05317324185248706,0.05115324185248707,0.061749571183533414,-0.0017152658662091813,False,下跌,高波动,0.033746357490155976,0.017406884362331093,2022
601398,工商银行,2022-11-01,2022-11-16,7.742,7.762,11,0.0025833118057347892,0.0005633118057347892,0.005295789201756662,-0.01898734177215189,False,下跌,高波动,0.05509373529581718,-0.05453042349008239,2022
601288,农业银行,2022-11-03,2022-11-14,4.684,4.754,7,0.014944491887275646,0.012924491887275645,0.021349274124679685,-0.002134927412467902,False,下跌,高波动,0.0400559225855972,-0.02713143069832156,2022
600629,华建集团,2022-11-07,2022-11-14,42.293,44.792,5,0.05908779230605554,0.05706779230605555,0.06963327264559149,-0.0042087343059133975,False,震荡,高波动,0.0049585463406880415,0.05210924596536751,2022
600323,瀚蓝环境,2022-12-23,2023-01-03,53.613,56.178,6,0.04784287392983044,0.04582287392983045,0.05425922817227158,-0.011825490086359691,False,震荡,中波动,0.015589490677129447,0.030233383252701,2022
603906,龙蟠科技,2022-12-26,2023-01-09,46.799,50.024,9,0.06891172888309582,0.06689172888309583,0.0951943417594392,-0.0008547191179298919,False,上涨,中波动,0.04413436746290489,0.02275736142019094,2022
601888,中国中免,2023-03-13,2023-03-31,374.55,386.53,14,0.031985048725136744,0.029965048725136743,0.04629555466559876,-0.00816980376451748,False,下跌,中波动,0.010537108132582018,0.019427940592554725,2023
002126,银轮股份,2023-03-15,2023-03-29,71.23,73.518,10,0.032121297206233246,0.03010129720623325,0.09417380317282031,-0.05402218166502881,False,下跌,中波动,0.004825804509769549,0.0252754926964637,2023
001896,豫能控股,2023-03-15,2023-04-18,6.58,6.47,23,-0.016717325227963542,-0.018737325227963543,0.012158054711246313,-0.05319148936170204,False,下跌,中波动,0.04392635882515239,-0.06266368405311593,2023
300953,震裕科技,2023-03-16,2023-04-06,74.203,77.723,14,0.04743743514413157,0.045417435144131574,0.0591620284894141,-0.06576553508618266,False,下跌,中波动,0.039980706497594776,0.005436728646536798,2023
603259,药明康德,2023-03-20,2023-03-22,178.392,192.269,2,0.07778936275169301,0.07576936275169302,0.10402932866944692,-0.023599712991614008,False,下跌,低波动,0.015323375001269346,0.060445987750423674,2023
301219,腾远钴业,2023-03-28,2023-04-17,114.726,113.97,13,-0.006589613513937609,-0.00860961351393761,0.0058051357146593485,-0.04926520579467597,False,震荡,低波动,0.037472090331065466,-0.046081703845003076,2023
600110,诺德股份,2023-04-24,2023-06-16,98.522,94.468,36,-0.04114816995188897,-0.04316816995188896,0.02880574896977328,-0.08366659223320694,False,震荡,低波动,-0.004843520880621899,-0.038324649071267064,2023
600673,东阳光,2023-04-26,2023-05-16,86.431,89.567,11,0.03628327799053577,0.03426327799053577,0.04128148465249737,-0.015017759831541966,False,震荡,低波动,0.004793861432652369,0.029469416557883404,2023
300903,科翔股份,2023-04-26,2023-05-23,16.603,17.287,16,0.041197373968559825,0.03917737396855983,0.07914232367644392,-0.06396434379329041,False,震荡,低波动,-0.011628523728098639,0.05080589769665847,2023
301219,腾远钴业,2023-04-26,2023-06-05,93.792,100.974,25,0.07657369498464695,0.07455369498464695,0.08924002047082902,-0.007484646878198498,False,震荡,低波动,-0.029041000396541783,0.10359469538118873,2023
000035,中国天楹,2023-04-26,2023-05-10,23.176,24.463,7,0.05553158439765293,0.05351158439765294,0.08215395236451495,-0.013332758025543567,False,震荡,低波动,0.009506899068758345,0.044004685328894594,2023
600361,创新新材,2023-04-28,2023-05-18,28.504,27.964,11,-0.01894470951445426,-0.020964709514454262,0.01750631490317134,-0.029153802975021126,False,震荡,低波动,-0.0181231990350178,-0.0028415104794364612,2023
601888,中国中免,2023-05-05,2023-06-16,317.99,272.49,30,-0.1430862605742319,-0.14510626057423193,0.007861882449133661,-0.24057360294348873,False,震荡,低波动,-0.01332626316942509,-0.13177999740480684,2023
300124,汇川技术,2023-05-11,2023-05-23,1283.412,1346.714,8,0.04932321031749742,0.04730321031749743,0.07079643949098169,-0.028687592137209283,False,下跌,低波动,-0.01941282895561125,0.06671603927310868,2023
603077,和邦生物,2023-05-26,2023-06-05,33.103,35.083,6,0.059813309971905815,0.05779330997190582,0.07576352596441405,-0.03588798598314358,False,下跌,低波动,-0.001739830431451983,0.059533140403357804,2023
002311,海大集团,2023-06-01,2023-06-13,299.072,315.374,8,0.05450861331050727,0.052488613310507276,0.06972902846137385,-0.019540445110207583,False,下跌,低波动,0.015246120828922516,0.03724249248158476,2023
688131,皓元医药,2023-06-09,2023-07-11,115.428,118.701,20,0.028355338392764384,0.026335338392764383,0.07046817063450805,-0.039565789929653095,False,下跌,低波动,0.008546407068574569,0.017788931324189815,2023
600500,中化国际,2023-06-12,2023-07-04,42.124,42.897,14,0.018350583990124347,0.016330583990124346,0.02326464723198174,-0.022030196562529802,False,下跌,低波动,0.014197163168532256,0.00213342082159209,2023
000999,华润三九,2023-08-03,2023-08-09,92.997,99.774,4,0.07287331849414502,0.07085331849414503,0.08541135735561367,-0.004172177597126847,False,上涨,高波动,-0.009340870616082908,0.08019418911022794,2023
600499,科达制造,2023-08-21,2023-09-13,291.162,295.016,17,0.013236617415734342,0.011216617415734341,0.030615258859329364,-0.04716618240017589,False,震荡,高波动,0.001901028539559757,0.009315588876174584,2023
300953,震裕科技,2023-08-22,2023-09-07,65.594,65.724,12,0.001981888587371028,-3.8111412628972184e-05,0.012653596365521436,-0.17028996554562914,False,下跌,中波动,6.385984891821295e-05,-0.00010197126154718513,2023
600550,保变电气,2023-08-23,2023-10-09,27.713,26.844,27,-0.03135712481506869,-0.03337712481506869,0.031357124815068804,-0.06841554505105907,False,下跌,高波动,-0.00321914825124503,-0.030157976563823657,2023
600110,诺德股份,2023-08-23,2023-10-12,87.163,85.541,30,-0.018608813372646638,-0.02062881337264664,0.006195289285591432,-0.055814967360003576,False,下跌,高波动,0.0015554707936689116,-0.02218428416631555,2023
002738,中矿资源,2023-08-24,2023-09-06,116.052,121.05,9,0.043066901044359396,0.0410469010443594,0.06738358666804523,-0.05979216213421579,False,下跌,高波动,0.023795264044174314,0.01725163700018509,2023
002074,国轩高科,2023-08-24,2023-10-13,101.485,103.104,30,0.015953096516726717,0.013933096516726716,0.053022614179435434,-0.05255949155047546,False,下跌,高波动,-0.016119545687712677,0.030052642204439393,2023
300409,道氏技术,2023-08-24,2023-09-07,63.467,66.383,10,0.045945136842768575,0.04392513684276858,0.046795972710227396,-0.027226747758677727,False,下跌,高波动,0.009410677789027933,0.03451445905374065,2023
600711,盛屯矿业,2023-08-24,2023-09-05,46.051,49.084,8,0.0658617619595665,0.0638417619595665,0.0720288375931033,-0.010292936092593075,False,下跌,高波动,0.026021705792777183,0.03782005616678932,2023
300146,汤臣倍健,2023-08-24,2023-09-05,549.96,570.36,8,0.037093606807767854,0.03507360680776786,0.04451232816932138,-0.007855116735762668,False,下跌,高波动,0.026021705792777183,0.009051901014990676,2023
600111,北方稀土,2023-08-28,2023-09-05,444.991,445.912,6,0.0020697047805460222,4.9704780546022155e-05,0.011588998429181707,-0.04098060410210547,False,下跌,中波动,0.018040728877424472,-0.01799102409687845,2023
601179,中国西电,2023-09-05,2023-11-02,5.624,5.354,36,-0.04800853485064005,-0.050028534850640044,0.007112375533428139,-0.0906827880512091,False,下跌,高波动,-0.06966170373162461,0.01963316888098457,2023
603906,龙蟠科技,2023-09-05,2023-10-30,27.324,25.611,33,-0.0626921387790953,-0.06471213877909529,0.028802517932952743,-0.12395696091348263,False,下跌,高波动,-0.06191889684633756,-0.002793241932757734,2023
601156,东航物流,2023-09-05,2023-11-07,13.5,12.94,39,-0.041481481481481564,-0.04350148148148156,0.0007407407407407085,-0.10592592592592587,False,下跌,高波动,-0.052498220044394195,0.008996738562912637,2023
002850,科达利,2023-09-07,2023-10-31,156.98,138.905,32,-0.11514205631290608,-0.11716205631290608,0.001528857179258658,-0.2620078990954262,False,下跌,高波动,-0.049477579972701524,-0.06768447634020455,2023
000999,华润三九,2023-10-20,2023-10-30,80.677,86.508,6,0.07227586548830511,0.07025586548830512,0.08296044721543927,-0.021778201965863886,False,下跌,中波动,0.02084549890474241,0.04941036658356271,2023
688303,大全能源,2023-10-20,2023-12-29,39.13,33.86,50,-0.13467927421415804,-0.13669927421415806,0.03961155123945814,-0.192435471505239,False,下跌,中波动,-0.02264006904822269,-0.11405920516593537,2023
002461,珠江啤酒,2023-10-20,2023-10-30,17.425,18.345,6,0.052797704447632654,0.05077770444763266,0.06312769010043029,-0.039024390243902474,False,下跌,中波动,0.02084549890474241,0.02993220554289025,2023
688333,铂力特,2023-10-24,2023-10-31,197.711,211.0,5,0.06721426728912405,0.06519426728912406,0.12768637051049248,-0.02200686861125578,False,下跌,中波动,0.024484318049513565,0.04070994923961049,2023
603369,今世缘,2023-10-24,2023-10-26,141.605,148.855,2,0.05119875710603439,0.04917875710603439,0.06602874192295483,-0.019420218212633733,False,下跌,中波动,0.007745624625408176,0.04143313248062622,2023
600105,永鼎股份,2023-10-24,2023-11-02,55.821,63.943,7,0.14550079719102138,0.14348079719102136,0.14904784937568305,0.0,False,下跌,中波动,0.019230714082927758,0.1242500831080936,2023
600888,新疆众和,2023-10-26,2023-11-16,97.175,99.511,15,0.02403910470800108,0.02201910470800108,0.05340879855930014,-0.01334705428350913,False,下跌,中波动,0.016567353605718704,0.005451751102282375,2023
000703,恒逸石化,2023-10-30,2023-10-31,70.613,72.885,1,0.032175378471386296,0.030155378471386298,0.03446957359126501,-0.0011470975599394695,False,下跌,中波动,-0.0031419427027961078,0.03329732117418241,2023
603444,吉比特,2023-10-30,2023-11-09,335.7,377.85,8,0.1255585344057195,0.12353853440571952,0.14596365802800126,-0.01489425081918383,False,下跌,中波动,0.008108779302243185,0.11542975510347633,2023
300124,汇川技术,2023-11-02,2023-11-07,1341.112,1419.916,3,0.05876019303384039,0.0567401930338404,0.07080094727360575,-0.0006420045454816892,False,下跌,低波动,0.01844864793384704,0.03829154509999336,2023
601963,重庆银行,2023-11-14,2023-12-27,8.488,7.948,31,-0.06361922714420354,-0.06563922714420353,0.012959472196041544,-0.06950989632422244,False,震荡,低波动,-0.06859181588248098,0.002952588738277445,2023
688131,皓元医药,2023-12-07,2024-02-26,102.982,71.602,50,-0.3047134450680701,-0.30673344506807004,0.03806490454642564,-0.4948437591035326,False,下跌,低波动,0.01830577245169973,-0.3250392175197698,2023
000035,中国天楹,2023-12-11,2024-01-02,25.801,25.183,15,-0.023952559978295374,-0.025972559978295374,0.00996085423045634,-0.1197240417038099,False,下跌,低波动,-0.009679919285265126,-0.01629264069303025,2023
601888,中国中免,2023-12-14,2023-12-29,172.25,181.59,11,0.05422351233671985,0.052203512336719854,0.0728011611030479,-0.04830188679245284,False,下跌,低波动,0.023613050275062886,0.028590462061656968,2023
600111,北方稀土,2023-12-19,2023-12-29,360.627,381.442,8,0.05771891733009449,0.055698917330094494,0.06282668796290891,-0.03677483937697401,False,下跌,低波动,0.029114827656536946,0.026584089673557548,2023
603369,今世缘,2023-12-19,2023-12-29,123.08,129.93,8,0.055654858628534365,0.05363485862853437,0.07190445238869025,-0.02965550861228461,False,下跌,低波动,0.029114827656536946,0.024520030971997425,2023
688503,聚和材料,2023-12-20,2023-12-29,71.519,81.938,7,0.14568156713600566,0.14366156713600564,0.1574826269942251,-0.009941414169661211,False,下跌,低波动,0.0405185746777863,0.10314299245821934,2023
600060,海信视像,2023-12-21,2024-01-08,121.57,124.039,11,0.02030928683063271,0.01828928683063271,0.03342107427819374,-0.036382331167228665,False,下跌,低波动,-0.013452941723933964,0.031742228554566675,2023
688690,纳微科技,2023-12-21,2023-12-29,26.094,27.874,6,0.06821491530620061,0.06619491530620061,0.07204721391890856,-0.004215528473978658,False,下跌,低波动,0.03009423964309632,0.03610067566310429,2023
601066,中信建投,2023-12-27,2024-01-24,24.425,23.755,19,-0.02743091095189365,-0.02945091095189365,0.04585465711361314,-0.09825997952917098,False,下跌,低波动,-0.017758874941553038,-0.011692036010340613,2023
000987,越秀资本,2023-12-29,2024-01-25,43.658,42.965,18,-0.015873379449356295,-0.017893379449356296,0.0036648495121167635,-0.08548261487012687,False,震荡,高波动,-0.025703052364978163,0.007809672915621867,2023
688349,三一重能,2024-01-16,2024-02-06,25.72,25.53,15,-0.007387247278382469,-0.00940724727838247,0.06181959564541217,-0.12208398133748055,False,震荡,中波动,0.003274884273284595,-0.012682131551667065,2024
688333,铂力特,2024-01-18,2024-02-21,164.901,150.906,18,-0.08486910328014996,-0.08688910328014995,0.012122424970133494,-0.26089593149829293,False,震荡,高波动,0.05561985262907165,-0.1425089559092216,2024
300253,卫宁健康,2024-01-18,2024-02-07,215.865,213.791,14,-0.009607856762328337,-0.011627856762328338,0.0704699696569615,-0.15054779607625146,False,震荡,高波动,0.02103990252631527,-0.03266775928864361,2024
000035,中国天楹,2024-01-23,2024-02-23,20.705,20.499,17,-0.009949287611688007,-0.011969287611688008,0.11185703936247293,-0.2511470659261047,False,下跌,高波动,0.07976967322930872,-0.09173896084099672,2024
600161,天坛生物,2024-01-23,2024-02-07,375.247,395.474,11,0.053903162450332553,0.05188316245033256,0.10453114881664605,-0.08813927892827922,False,下跌,高波动,0.034561392109358824,0.017321770340973736,2024
688206,概伦电子,2024-01-23,2024-02-22,17.31,16.34,16,-0.05603697284806464,-0.05805697284806463,0.06239168110918558,-0.29578278451761986,False,下跌,高波动,0.07881977641842508,-0.1368767492664897,2024
688106,金宏气体,2024-01-23,2024-02-19,19.654,21.424,13,0.09005800345985548,0.08803800345985549,0.09412842169532931,-0.15213188155082924,False,下跌,高波动,0.05318184490381905,0.03485615855603644,2024
688772,珠海冠宇,2024-01-24,2024-02-26,16.2,15.35,17,-0.05246913580246915,-0.05448913580246914,0.022839506172839474,-0.2962962962962963,False,震荡,高波动,0.05378214341294618,-0.10827127921541532,2024
600711,盛屯矿业,2024-01-25,2024-02-19,38.754,38.943,11,0.0048769159312587185,0.0028569159312587184,0.053800897971822303,-0.17363368942560764,False,震荡,高波动,0.018214614767927406,-0.015357698836668689,2024
688503,聚和材料,2024-02-06,2024-02-20,56.896,70.113,4,0.23230104049493816,0.23028104049493814,0.2577861361079865,0.0,False,震荡,高波动,0.029942416107787917,0.20033862438715022,2024
688005,容百科技,2024-02-07,2024-02-19,28.357,32.667,2,0.15199069012942146,0.14997069012942144,0.16257008851429977,-0.009874105159219826,False,震荡,高波动,0.017998402933338875,0.13197228719608256,2024
688195,腾景科技,2024-02-07,2024-02-23,19.295,24.585,6,0.27416429126716757,0.2721442912671676,0.34413060378336335,-0.05700958797615974,False,震荡,高波动,0.043698016826024366,0.22844627444114324,2024
688260,昀冢科技,2024-02-19,2024-02-23,13.194,16.684,4,0.26451417310898884,0.26249417310898887,0.5419129907533728,-0.15916325602546622,False,上涨,高波动,0.025245239892943472,0.2372489332160454,2024
603906,龙蟠科技,2024-02-19,2024-02-26,18.998,20.107,5,0.05837456574376243,0.056354565743762436,0.10506369091483303,-0.06258553531950728,False,上涨,高波动,0.014557216765918257,0.04179734897784418,2024
603259,药明康德,2024-02-19,2024-03-05,123.856,142.248,11,0.14849502648236657,0.14647502648236654,0.19027741893812178,-0.03570275158248282,False,上涨,高波动,0.047505589324903674,0.09896943715746287,2024
605289,罗曼股份,2024-02-20,2024-02-26,37.988,44.2,4,0.1635253237864589,0.16150532378645888,0.24942086974834154,-0.01350426450458031,False,上涨,高波动,0.012463169004793606,0.14904215478166527,2024
000612,焦作万方,2024-02-21,2024-02-26,52.385,54.005,3,0.030924883077216858,0.028904883077216857,0.04466927555597988,-0.005154147179536106,False,上涨,高波动,-0.0010153693948571352,0.029920252472073992,2024
600110,诺德股份,2024-02-22,2024-02-26,62.57,64.326,2,0.02806456768419352,0.02604456768419352,0.05614511746843531,-0.010803899632411684,False,上涨,高波动,-0.009553528151502677,0.035598095835696196,2024
600550,保变电气,2024-02-23,2024-02-26,21.709,22.025,1,0.014556174858353588,0.012536174858353587,0.07278087429176838,-0.02542724215763048,False,上涨,高波动,-0.010424845403955496,0.022961020262309083,2024
001896,豫能控股,2024-02-23,2024-02-26,5.36,5.63,1,0.050373134328358216,0.04835313432835822,0.0652985074626864,-0.003731343283582156,False,上涨,高波动,-0.010424845403955496,0.05877797973231372,2024
603077,和邦生物,2024-04-25,2024-07-12,27.619,24.319,52,-0.1194829646258011,-0.1215029646258011,0.10036569028567288,-0.16249683189108943,False,震荡,高波动,-0.01639530008951129,-0.10510766453628981,2024
600110,诺德股份,2024-06-07,2024-07-15,48.246,44.598,25,-0.0756124860092029,-0.07763248600920289,0.04761016457322875,-0.1372341748538739,False,下跌,低波动,-0.02738024291362051,-0.05025224309558238,2024
600105,永鼎股份,2024-06-07,2024-07-12,40.865,41.459,24,0.014535666218034926,0.012515666218034925,0.09453077205432514,-0.06543496879970634,False,下跌,低波动,-0.028457434158433825,0.04097310037646875,2024
600499,科达制造,2024-06-20,2024-08-30,250.927,217.554,51,-0.13299884030016695,-0.13501884030016698,0.020161242114240308,-0.1810088192980428,False,下跌,低波动,-0.05190849717978585,-0.08311034312038112,2024
603369,今世缘,2024-06-21,2024-07-12,129.53,130.63,15,0.008492241179649529,0.006472241179649529,0.032038909905041324,-0.049409403227051674,False,下跌,低波动,-0.006642598451776727,0.013114839631426255,2024
300146,汤臣倍健,2024-06-24,2024-07-22,445.12,444.16,20,-0.0021567217828899476,-0.004176721782889948,0.020488856937455058,-0.03666427030913011,False,下跌,低波动,0.010961197189377714,-0.015137918972267662,2024
002867,周大生,2024-06-24,2024-09-02,37.907,33.033,50,-0.12857783522832178,-0.1305978352283218,0.019574221120109758,-0.17962381618170786,False,下跌,低波动,-0.06091791038336858,-0.06967992484495322,2024
002738,中矿资源,2024-06-25,2024-07-12,82.649,88.618,13,0.07222107950489409,0.0702010795048941,0.09462909412092091,-0.029873319701387735,False,下跌,低波动,0.004193296509442224,0.06600778299545187,2024
688017,绿的谐波,2024-06-25,2024-08-01,116.246,111.976,27,-0.0367324467078437,-0.038752446707843696,0.03251724790530419,-0.174629664676634,False,下跌,低波动,-0.0111715202868794,-0.027580926420964297,2024
300953,震裕科技,2024-06-25,2024-07-12,52.767,55.457,13,0.0509788314666364,0.048958831466636404,0.06784543369909213,-0.07030909469933866,False,下跌,低波动,0.004193296509442224,0.04476553495719418,2024
600060,海信视像,2024-07-12,2024-09-12,128.154,101.692,44,-0.20648594659550235,-0.20850594659550237,0.02568004120043077,-0.2835416764205565,False,震荡,低波动,-0.0863754175786201,-0.12213052901688226,2024
600673,东阳光,2024-07-12,2024-08-01,83.739,83.09,14,-0.007750271677474108,-0.009770271677474109,0.0154886014879565,-0.0865188263533121,False,震荡,低波动,-0.015300656606381802,0.005530384928907693,2024
688303,大全能源,2024-07-12,2024-07-29,23.977,24.007,11,0.0012511990657713135,-0.0007688009342286866,0.010843725236685087,-0.05505275889394001,False,震荡,低波动,-0.023516875935952197,0.02274807500172351,2024
601066,中信建投,2024-07-12,2024-07-22,20.295,21.425,6,0.05567873860556771,0.05365873860556772,0.06109879280610975,-0.012318305001231877,False,震荡,低波动,0.01224513304918795,0.04141360555637977,2024
000028,国药一致,2024-08-27,2024-09-25,140.326,143.665,19,0.023794592591536823,0.021774592591536822,0.05949004461040719,-0.05353961489674053,False,震荡,低波动,0.02910450696299627,-0.007329914371459446,2024
002311,海大集团,2024-08-27,2024-09-26,249.596,251.503,20,0.007640346800429354,0.005620346800429354,0.09464093975865007,-0.0746766775108576,False,震荡,低波动,0.07260697116475523,-0.06698662436432587,2024
601006,大秦铁路,2024-08-30,2024-09-25,13.302,13.482,16,0.013531799729364025,0.011511799729364024,0.02931889941362198,-0.020297699594045926,False,震荡,低波动,0.024116118659734065,-0.012604318930370041,2024
601390,XD中国中,2024-09-05,2024-09-25,7.002,7.192,12,0.027135104255926912,0.02511510425592691,0.0714081690945445,-0.04570122822050837,False,下跌,低波动,0.04413155051323603,-0.019016446257309118,2024
601186,中国铁建,2024-09-05,2024-09-25,9.976,10.336,12,0.03608660785886131,0.034066607858861314,0.07818765036086606,-0.03909382518043314,False,下跌,低波动,0.04413155051323603,-0.010064942654374714,2024
000933,神火股份,2024-09-09,2024-09-20,161.594,174.487,7,0.07978637820711176,0.07776637820711177,0.10165600207928516,-0.02423357302870155,False,下跌,低波动,0.00253683897336332,0.07522953923374845,2024
600320,振华重工,2024-09-12,2024-09-25,47.009,49.232,7,0.047288817035035846,0.04526881703503585,0.07715543832032168,-0.012444425535535819,False,下跌,低波动,0.07220241641370939,-0.02693359937867354,2024
000703,恒逸石化,2024-09-13,2024-09-25,59.193,61.14,6,0.032892402817900734,0.030872402817900737,0.06031118544422487,-0.032892402817900734,False,下跌,低波动,0.07668908759990511,-0.045816684782004374,2024
600161,天坛生物,2024-09-18,2024-09-27,359.202,390.527,7,0.0872071981781839,0.0851871981781839,0.12418917489323555,-0.03150316534985875,False,下跌,低波动,0.1679811794980146,-0.0827939813198307,2024
688333,铂力特,2024-09-23,2024-09-30,103.761,133.67,5,0.2882489567371169,0.28622895673711696,0.4130742764622548,-0.004500727633696688,False,下跌,低波动,0.25059139182509726,0.03563756491201969,2024
000062,深圳华强,2025-01-06,2025-02-07,144.086,150.712,18,0.04598642477409309,0.0439664247740931,0.11408464389323036,-0.028739780408922555,False,下跌,中波动,0.03282859773359825,0.011137827040494847,2025
688349,三一重能,2025-01-07,2025-02-18,29.386,28.386,24,-0.034029810113659575,-0.03604981011365957,0.008507452528414783,-0.09834615122847612,False,下跌,中波动,0.030734093585275568,-0.06678390369893514,2025
300253,卫宁健康,2025-01-07,2025-02-06,233.146,277.053,16,0.18832405445514833,0.1863040544551483,0.22094738918960655,-0.06969452617673044,False,下跌,中波动,0.012307335667301578,0.17399671878784673,2025
603260,合盛硅业,2025-01-08,2025-02-10,79.276,80.48,17,0.015187446389828052,0.013167446389828051,0.04256016953428543,-0.03549624098087689,False,下跌,中波动,0.02951530921931167,-0.01634786282948362,2025
601888,中国中免,2025-01-10,2025-02-11,137.99,140.59,16,0.018841945068483135,0.016821945068483134,0.026088847017899708,-0.023914776433074936,False,下跌,中波动,0.04036458333333326,-0.023542638264850126,2025
688690,纳微科技,2025-01-13,2025-01-27,16.444,17.794,10,0.08209681342739006,0.08007681342739006,0.09182680612989547,-0.0036487472634394447,False,下跌,中波动,0.02540490153149344,0.054671911895896624,2025
688503,聚和材料,2025-04-08,2025-05-07,66.856,75.139,18,0.1238931434725381,0.12187314347253811,0.13036974991025496,-0.045620437956204296,False,下跌,高波动,0.04954310883213364,0.07233003464040447,2025
688349,三一重能,2025-04-08,2025-05-14,24.566,25.026,23,0.018725067166001752,0.01670506716600175,0.050476268012700665,-0.06268826833835384,False,下跌,高波动,0.0801066079391688,-0.06340154077316704,2025
688260,昀冢科技,2025-04-08,2025-05-06,11.514,13.704,17,0.19020323084940083,0.1881832308494008,0.231891610213653,-0.08077123501823869,False,下跌,高波动,0.04321839836088914,0.14496483248851166,2025
300253,卫宁健康,2025-04-08,2025-04-30,317.848,352.074,16,0.10768040069467166,0.10566040069467167,0.15336261357630065,-0.07614016762729359,False,下跌,高波动,0.03281782423385815,0.07284257646081352,2025
300308,中际旭创,2025-04-08,2025-04-28,480.465,544.103,14,0.1324508549009813,0.13043085490098127,0.15505187682765653,-0.10498787632814044,False,下跌,高波动,0.03584459126318884,0.09458626363779243,2025
300672,国科微,2025-04-08,2025-04-24,96.544,108.162,12,0.12033891282731202,0.11831891282731202,0.14658601259529336,-0.0660424262512429,False,下跌,高波动,0.036595119920235675,0.08172379290707635,2025
688005,容百科技,2025-04-08,2025-04-21,28.363,32.195,9,0.13510559531784372,0.1330855953178437,0.21753693191834444,-0.06053661460353277,False,下跌,高波动,0.0367375560157337,0.09634803930211,2025
301219,腾远钴业,2025-04-08,2025-05-12,110.221,118.645,21,0.07642826684570081,0.07440826684570082,0.09978134838188724,-0.06942415692109494,False,下跌,高波动,0.06569864904841727,0.008709617797283548,2025
301171,易点天下,2025-04-08,2025-04-22,21.175,25.495,10,0.20401416765053138,0.20199416765053135,0.246517119244392,-0.11664698937426221,False,下跌,高波动,0.03648281453724689,0.16551135311328447,2025
688772,珠海冠宇,2025-04-08,2025-05-07,12.698,14.298,18,0.12600409513309185,0.12398409513309185,0.16616790045676488,-0.055914317215309595,False,下跌,高波动,0.04954310883213364,0.0744409863009582,2025
000988,华工科技,2025-04-21,2025-04-22,402.396,407.468,1,0.01260449905068639,0.01058449905068639,0.022120001192854843,-0.006943408980208621,False,下跌,高波动,-0.00024571452727706333,0.010830213577963453,2025
002353,杰瑞股份,2025-04-22,2025-04-24,252.84,270.624,2,0.07033697199810174,0.06831697199810174,0.09254864736592316,-0.005552918841955412,False,下跌,高波动,0.00010835238309181427,0.06820861961500993,2025
603283,赛腾股份,2025-04-22,2025-05-09,48.019,48.269,10,0.005206272517128685,0.003186272517128685,0.0578937503904704,-0.07038880443157902,False,下跌,高波动,0.016440492078383606,-0.013254219561254922,2025
601156,东航物流,2025-04-24,2025-05-07,13.939,14.199,6,0.018652701054594933,0.016632701054594932,0.018652701054594933,-0.03658799053016715,False,下跌,高波动,0.012490883531165009,0.004141817523429923,2025
002074,国轩高科,2025-04-24,2025-05-06,85.288,88.335,5,0.03572601069318071,0.033706010693180716,0.04801378857518057,-0.01006003189194249,False,下跌,高波动,0.006389455548626355,0.02731655514455436,2025
002738,中矿资源,2025-04-28,2025-05-07,90.529,93.616,4,0.0340995703034388,0.032079570303438804,0.0363640380430581,-0.00974273437241091,False,下跌,高波动,0.013224491091119672,0.01885507921231913,2025
601137,博威合金,2025-04-30,2025-05-07,38.257,40.477,2,0.05802859607392108,0.056008596073921085,0.06168805708759173,-0.0005227801448099978,False,下跌,高波动,0.016193838066923538,0.03981475800699755,2025
600707,彩虹股份,2025-05-06,2025-05-07,13.201,13.5,1,0.022649799257631997,0.020629799257631996,0.03174001969547757,-0.0030300734792819695,False,震荡,高波动,0.006062690689870642,0.014567108567761354,2025
600110,诺德股份,2025-05-06,2025-05-09,44.057,49.057,3,0.11348934335065941,0.11146934335065942,0.14108995165353977,-0.006128424540935651,False,震荡,高波动,0.009877800942093229,0.10159154240856619,2025
603369,今世缘,2025-06-16,2025-07-14,111.005,112.13,20,0.010134678618080262,0.00811467861808026,0.04346651051754424,-0.02229629295977653,False,震荡,低波动,0.03713924312045025,-0.02902456450236999,2025
600012,XD皖通高,2025-09-03,2025-09-30,24.991,23.959,19,-0.04129486615181466,-0.04331486615181465,0.0004801728622303436,-0.07874834940578612,False,上涨,中波动,0.040553115253271876,-0.08386798140508653,2025
601818,光大银行,2025-10-09,2025-10-17,5.811,5.911,6,0.017208742040956793,0.015188742040956792,0.02237136465324374,-0.013766993632765456,False,上涨,中波动,-0.041458929648283904,0.056647671689240696,2025
601006,大秦铁路,2025-11-20,2026-02-05,13.141,12.621,53,-0.0395708089186515,-0.041590808918651495,0.005326839662126215,-0.04946351114831449,False,震荡,中波动,0.023104305633139477,-0.06469511455179097,2025
002180,奔图科技,2025-11-24,2025-12-18,89.615,90.928,18,0.014651565028176217,0.012631565028176216,0.04093064777102051,-0.04396585393070351,False,下跌,中波动,0.023547397174042528,-0.010915832145866312,2025
600161,天坛生物,2025-12-01,2026-01-06,300.98,290.812,24,-0.03378297561299759,-0.035802975612997584,0.008173300551531648,-0.06647950029902328,False,震荡,中波动,0.04680442872157475,-0.08260740433457234,2025
002867,周大生,2025-12-10,2026-01-06,38.323,38.863,17,0.014090754899146685,0.012070754899146684,0.02113613234872025,-0.013516687106959302,False,震荡,中波动,0.043307352406338984,-0.0312365975071923,2025
600941,中国移动,2026-01-16,2026-03-03,114.68,113.22,26,-0.012731077781653388,-0.01475107778165339,0.005929543076386379,-0.049005929543076476,False,上涨,低波动,-0.016054963471101358,0.0013038856894479686,2026
603369,今世缘,2026-01-28,2026-01-30,93.93,102.23,2,0.08836367507718501,0.08634367507718502,0.08836367507718501,-0.010380070265091135,False,震荡,低波动,-0.002469271872131862,0.08881294694931688,2026
600711,盛屯矿业,2026-03-23,2026-04-02,109.778,132.902,8,0.21064329829291828,0.20862329829291826,0.23999344130882316,-0.04057279236276856,False,下跌,高波动,0.013786781349026667,0.1948365169438916,2026
601059,信达证券,2026-03-24,2026-04-09,16.701,16.821,11,0.0071851984911084354,0.005165198491108435,0.017962996227770756,-0.0191605293096222,False,下跌,高波动,0.020448206815175007,-0.015283008324066573,2026
600529,山东药玻,2026-03-24,2026-04-16,147.691,149.225,16,0.010386550297580621,0.00836655029758062,0.018511622238321923,-0.02076632970187764,False,下跌,高波动,0.05852656702542269,-0.05016001672784207,2026
601607,上海医药,2026-03-24,2026-04-01,154.681,159.54,6,0.03141303715388433,0.029393037153884326,0.03797492904752353,-0.007033830916531536,False,下跌,高波动,0.01147557836021007,0.017917458793674255,2026
601606,长城军工,2026-03-24,2026-03-26,36.682,43.102,2,0.17501771986260284,0.17299771986260282,0.21481925740145025,-0.013085436999073274,False,下跌,高波动,0.0006279722530122545,0.17236974760959056,2026
001391,国货航,2026-03-24,2026-05-11,5.345,5.415,30,0.013096351730589317,0.011076351730589316,0.024321796071094415,-0.024321796071094415,False,下跌,高波动,0.1066256659634568,-0.09554931423286747,2026
600161,天坛生物,2026-03-24,2026-04-17,262.603,268.999,17,0.02435615739347985,0.022336157393479848,0.04558973050574444,-0.02747874167469533,False,下跌,高波动,0.05675215432473979,-0.03441599693125994,2026
002738,中矿资源,2026-03-25,2026-03-30,195.487,222.005,3,0.13565096400272147,0.13363096400272145,0.16783724748960283,-0.017146920255566855,False,下跌,高波动,-0.010032022250284989,0.14366298625300644,2026
000999,华润三九,2026-05-18,2026-06-01,88.05,88.249,10,0.0022600795002838403,0.0002400795002838402,0.011675184554230666,-0.026280522430437214,False,上涨,中波动,0.0022219831509955323,-0.001981903650711692,2026
601888,中国中免,2026-05-18,2026-06-01,137.11,132.99,10,-0.030048865874115704,-0.032068865874115705,0.017212457151192462,-0.06564072642403906,False,上涨,中波动,0.0022219831509955323,-0.03429084902511124,2026
601186,中国铁建,2026-05-29,2026-06-15,9.406,9.606,11,0.0212630236019562,0.019243023601956198,0.02764193068254306,-0.002126302360195731,False,上涨,高波动,-8.380824673148712e-05,0.019326831848687685,2026
688349,三一重能,2026-06-02,2026-06-29,21.913,20.209,18,-0.07776205905170452,-0.07978205905170452,0.0031944507826404678,-0.1400082143020126,False,上涨,高波动,0.002514975908321393,-0.08229703496002591,2026
002074,国轩高科,2026-06-05,2026-07-20,137.479,118.381,30,-0.13891576167996578,-0.1409357616799658,0.0,-0.23416667272819858,False,震荡,高波动,-0.04538169618760546,-0.09555406549236034,2026
302132,中航成飞,2026-06-09,2026-06-15,332.831,358.042,4,0.07574715095649132,0.07372715095649132,0.12064681474982786,-0.031186998807202437,False,震荡,高波动,0.018722106872200106,0.055005044084291216,2026
000987,越秀资本,2026-06-09,2026-06-23,53.248,57.94,9,0.08811598557692313,0.08609598557692313,0.12314077524038458,-0.022010216346153744,False,震荡,高波动,0.024486599844641965,0.06160938573228117,2026
601606,长城军工,2026-06-09,2026-07-24,31.812,30.836,32,-0.030680246447881365,-0.03270024644788136,0.0971331572991323,-0.20765748774047532,False,震荡,高波动,-0.031783848173917884,-0.0009163982739634757,2026
000035,中国天楹,2026-06-11,2026-07-24,25.716,25.356,30,-0.013999066728884735,-0.016019066728884736,0.0540519520920828,-0.14212941359464926,False,下跌,高波动,-0.015504795221084167,-0.0005142715078005691,2026
001391,国货航,2026-06-12,2026-07-16,4.755,4.392,23,-0.07634069400630905,-0.07836069400630905,0.03785488958990535,-0.1430073606729757,False,震荡,高波动,-0.016513442683345314,-0.06184725132296373,2026
601059,信达证券,2026-06-12,2026-06-23,14.971,16.301,6,0.08883842094716443,0.08681842094716444,0.11422082693206881,-0.014027119096920782,False,震荡,高波动,0.029738430751969913,0.057079990195194524,2026
600320,振华重工,2026-06-12,2026-07-22,59.82,57.656,27,-0.036175192243396936,-0.03819519224339693,0.05867602808425265,-0.08410230692076226,False,震荡,高波动,-0.012576088685706588,-0.025619103557690343,2026
600941,中国移动,2026-06-29,2026-07-09,106.702,108.942,8,0.020993046053494835,0.018973046053494834,0.028959157279151215,-0.014713876028565442,False,震荡,高波动,-0.010272137562615136,0.02924518361610997,2026
601006,大秦铁路,2026-06-29,2026-07-09,12.161,12.391,8,0.01891291834553077,0.01689291834553077,0.020557519940794355,-0.008223007976317698,False,震荡,高波动,-0.010272137562615136,0.027165055908145906,2026
300672,国科微,2026-07-21,2026-07-31,229.287,217.222,8,-0.05261964263128738,-0.05463964263128737,0.1834382237108949,-0.16202837491876998,True,下跌,高波动,-0.03186804607499527,-0.0227715965562921,2026
