date,wfa_oos,benchmark
2020-01-06,-0.0021011749550720513,-0.0037780822975371775
2020-01-07,0.0020748820209638527,0.007490373671082073
2020-01-08,-0.00227840001017194,-0.011516190210637323
2020-01-09,0.004518951984065511,0.012657088942494843
2020-01-10,-2.010127610731179e-05,-0.00028335618592978395
2020-01-13,0.002060265055062111,0.00980017726791238
2020-01-14,-0.0005295374268383853,-0.0033539565983742303
2020-01-15,0.0006196093474323557,-0.005527591416481292
2020-01-16,-8.483094885382927e-05,-0.004245535467860773
2020-01-17,0.0014379220456179436,0.0014003239303550519
2020-01-20,0.0054531300851724624,0.007456346197816988
2020-01-21,-0.0057589526541115925,-0.01708621707044944
2020-01-22,0.002630006845696134,0.004282613609572383
2020-01-23,-0.01570116896131486,-0.030985520083834928
2020-02-03,-0.034228274165201265,-0.07880816204200902
2020-02-04,0.014615251392222516,0.02637486579401127
2020-02-05,0.009484459253082132,0.011329656280047784
2020-02-06,0.014088662671912694,0.01861027600671794
2020-02-07,0.0029192876722720835,2.3078224925532353e-05
2020-02-10,0.006824510379304903,0.004138599491777972
2020-02-11,0.0029777039957228405,0.009307943544577313
2020-02-12,0.0029597345276139828,0.008088633408054768
2020-02-13,-0.003093475689742523,-0.006151444497707215
2020-02-14,0.001067912382899404,0.007022869148871624
2020-02-17,0.009730069801147549,0.022491492653715195
2020-02-18,-0.000109039785898506,-0.004882989733704157
2020-02-19,-0.0006953255118674431,-0.0015280307380635128
2020-02-20,0.0021218853588477176,0.023041929647447335
2020-02-21,-0.0004182320973096108,0.0011653549386438922
2020-02-24,3.950724881493795e-05,-0.004012541300256078
2020-02-25,-0.002839281553987208,-0.002175259627761994
2020-02-26,-0.0006597641842244076,-0.012325860542939382
2020-02-27,0.003122175332437714,0.0029118442826208124
2020-02-28,-0.016925871011459818,-0.03545514188911303
2020-03-02,0.007854273071824737,0.0328980596692936
2020-03-03,0.00918372135901708,0.0053296704646814685
2020-03-04,-0.0007893101375378197,0.005790250674592379
2020-03-05,0.010674394292392413,0.022279194663491264
2020-03-06,-0.0025072842089235796,-0.016216871536799182
2020-03-09,-0.01977264290969898,-0.0341620534926822
2020-03-10,0.01854854306363327,0.021415365524763974
2020-03-11,-0.010121630938846332,-0.013299924315347877
2020-03-12,-0.007729942081207004,-0.019243228751647634
2020-03-13,-0.0013867740164071735,-0.01407270730034349
2020-03-16,-0.032298818460183586,-0.04299272715136915
2020-03-17,0.011029307454278818,-0.004871453710459717
2020-03-18,-0.0016573200660295413,-0.01979146449289415
2020-03-19,0.006911938438625546,-0.012972119705411678
2020-03-20,0.006732807899568612,0.0178680389736674
2020-03-23,-0.05110248493259551,-0.0336442918849672
2020-03-24,0.016515705739234412,0.026853165869286322
2020-03-25,0.02539422397551126,0.026870908744837996
2020-03-26,-0.011123841671194686,-0.006573503970428551
2020-03-27,-0.0042376723423667865,0.003247657549248828
2020-03-30,-0.012683346740550772,-0.009689870244686039
2020-03-31,0.003107687100568692,0.00327970583352144
2020-04-01,0.004800864400488496,-0.0030058380536927
2020-04-02,0.0313266761383497,0.016176518606397794
2020-04-03,-0.00925555237410972,-0.005706206671254543
2020-04-07,0.016690767375456925,0.02283732178540454
2020-04-08,0.0009870105317111428,-0.004655057108703953
2020-04-09,0.001647450057800083,0.003298645095414665
2020-04-10,-0.010299629707010231,-0.006230209264371345
2020-04-13,-0.013785206152652413,-0.004223730360449651
2020-04-14,0.017280042978929086,0.01930055471776515
2020-04-15,0.002281660077263226,-0.007407794651959065
2020-04-16,0.007324436923844338,0.0013219710535741225
2020-04-17,0.0024227803827658817,0.009759676833982933
2020-04-20,0.006589742134233571,0.0036385040721553796
2020-04-21,-0.005031527402191026,-0.011784214705744978
2020-04-22,0.0029535448317860695,0.008227307939759232
2020-04-23,-0.003013117263896007,-0.0025082174726127615
2020-04-24,-0.005170425259073648,-0.008559305437691789
2020-04-27,0.002125444760405721,0.006794891716289664
2020-04-28,0.00537460095674521,0.006900755211535214
2020-04-29,-0.0032663723020067716,0.004645181403686527
2020-04-30,0.014360195420874813,0.011779065587802506
2020-05-06,0.011142776726528969,0.006049716555316387
2020-05-07,0.0024964772065686515,-0.0028859955541442606
2020-05-08,0.00240657939060898,0.009867792473164938
2020-05-11,0.0006619193003275897,-0.0008678934913034508
2020-05-12,0.0028662111103809466,1.5150826477627888e-05
2020-05-13,0.006246223238789636,0.002022604690624874
2020-05-14,-0.0007744183643417815,-0.010843570843570904
2020-05-15,0.0008933161876092678,-0.0031590586005370014
2020-05-18,-0.002142828790053793,0.002578702828139212
2020-05-19,0.0047382156978818665,0.008498792987858605
2020-05-20,-0.0012683540836883535,-0.005315639810426598
2020-05-21,-0.005707569333232913,-0.005445692998104268
2020-05-22,-0.01117052558692335,-0.022926626109218917
2020-05-25,-0.0011274734955328907,0.00137550143041687
2020-05-26,0.0114737447817222,0.01134666207055024
2020-05-27,-0.013420627324488508,-0.007013068165679814
2020-05-28,-0.0012880153054814051,0.0028656051965747498
2020-05-29,0.0027567799115857917,0.002694061914158219
2020-06-01,0.0181154035072532,0.026976845219316203
2020-06-02,0.002071436548600576,0.003079565083825564
2020-06-03,0.0030703157315676226,2.00824888227924e-05
2020-06-04,0.0008483065000251887,-0.0003664980608236723
2020-06-05,0.0006218725414026751,0.004786311049949976
2020-06-08,-0.0031003695655506315,0.0051733833177132205
2020-06-09,0.004844735062711036,0.006235781150934372
2020-06-10,-0.0025449451000037395,-0.0018087338122030339
2020-06-11,-0.0012269078727310337,-0.010849788722457787
2020-06-12,0.003130310945575535,0.0018018559115888788
2020-06-15,-0.004751968293480833,-0.012013249797655834
2020-06-16,0.008186161500183559,0.015064513437454963
2020-06-17,0.002570074597881037,0.0007522598933384916
2020-06-18,0.005878515504347033,0.006668176692992578
2020-06-19,0.009860968556388178,0.013433455807812411
2020-06-22,-0.0006342339669072702,0.0008148905387304062
2020-06-23,-0.00019713936996766678,0.004812228032325283
2020-06-24,0.0006627694366101185,0.004172944279063229
2020-06-29,6.588919257545685e-05,-0.007071773548619209
2020-06-30,0.0013254417358555546,0.01319797942438905
2020-07-01,0.002576434860965674,0.020129876367688482
2020-07-02,0.0031416181681056116,0.02073082880940169
2020-07-03,0.0007544985445833966,0.019318056016827345
2020-07-06,0.002327664620588273,0.05667707484840245
2020-07-07,0.0008429604662420166,0.006004166943249567
2020-07-08,-2.212860416070069e-05,0.016148978423330185
2020-07-09,0.0,0.0139861751152075
2020-07-10,0.0,-0.018104557745978522
2020-07-13,0.0,0.021003002232213186
2020-07-14,0.0,-0.009534387260558552
2020-07-15,0.0,-0.012944458660741454
2020-07-16,-0.0023500211335254523,-0.048102317013280826
2020-07-17,-0.0034193235465819955,0.006299474121228776
2020-07-20,0.009572218817535961,0.02983695293418709
2020-07-21,-0.0015842691471850195,0.0022947246971347646
2020-07-22,0.005922898854862395,0.004990364609979814
2020-07-23,-0.0037485815210317568,-0.0004263487787546927
2020-07-24,-0.014431922356511943,-0.04389445807267567
2020-07-27,0.0022922848275354923,0.005073697340414851
2020-07-28,0.0013701906136372748,0.008791087458181135
2020-07-29,0.014757049684470863,0.02424336618318579
2020-07-30,-0.007423349077665461,-0.004885648887264726
2020-07-31,0.008833793338810778,0.0083545418425095
2020-08-03,0.011591215819509075,0.016242638523551456
2020-08-04,-0.0009458412859668575,0.0009410413492310088
2020-08-05,0.0001198445654624545,0.00027429959378522106
2020-08-06,-0.002731027917588561,-0.003003908220660545
2020-08-07,-0.0033263747143380245,-0.01151223240306043
2020-08-10,0.0005621444624836758,0.0035981843400390012
2020-08-11,-0.006867739261241183,-0.009119827635469369
2020-08-12,-0.0094799068517678,-0.007292098304490957
2020-08-13,0.0010834424586275621,-0.0025668941656411537
2020-08-14,0.008162743682500924,0.014867194022059271
2020-08-17,0.009934183316984433,0.02350875626776161
2020-08-18,0.004760013710456211,-0.0005129557674294905
2020-08-19,-0.015767402717735524,-0.014976853198580442
2020-08-20,-0.0024001410219365964,-0.012979150670368145
2020-08-21,0.002491154749278259,0.008482309821228329
2020-08-24,0.013671110142777679,0.00784302921904545
2020-08-25,0.001694753913055046,0.001282630865145018
2020-08-26,-0.015514416043513815,-0.01172208864015789
2020-08-27,0.007602351219573295,0.005358967984309793
2020-08-28,0.006487001272049756,0.023866338360087447
2020-08-31,-0.0028291293899976922,-0.005790346120261747
2020-09-01,-0.0005355746514084097,0.005377661319457827
2020-09-02,-0.0024825070513180866,0.00036554236574071197
2020-09-03,-0.008263116029944185,-0.00553067885521763
2020-09-04,-0.0007369690449251176,-0.009731996429387046
2020-09-07,-0.015867538936079065,-0.021141582568518946
2020-09-08,-0.00015128041763962842,0.0053583245705524085
2020-09-09,-0.022704145351369696,-0.023389620376662368
2020-09-10,-0.011444996735700689,-0.0005692984541694202
2020-09-11,0.013623296302257023,0.009886555593869861
2020-09-14,0.016377064161418143,0.00513692709323843
2020-09-15,0.006783715101645334,0.0080476451553948
2020-09-16,-0.0028515075182292114,-0.00663754564379071
2020-09-17,-0.005378800777546447,-0.005292698009172536
2020-09-18,0.011374263239016122,0.022531088714812686
2020-09-21,0.002390607968327876,-0.009638828901287422
2020-09-22,-0.00638354494193672,-0.011866317945701033
2020-09-23,0.00690875329012977,0.003574386939789731
2020-09-24,-0.015572534357667103,-0.019186085251906126
2020-09-25,-0.0009087081918084721,0.0015230973883813004
2020-09-28,-0.009705525305320171,0.002601739160878802
2020-09-29,0.008569391150687913,0.002158488490607624
2020-09-30,-0.000621531307190503,-0.0009582298880614903
2020-10-09,0.019749650661262354,0.020434232898809856
2020-10-12,0.02312954898103037,0.030338763634499166
2020-10-13,0.006741572453901095,0.0033256205475249434
2020-10-14,-0.007016671614229173,-0.006633327822780477
2020-10-15,-0.005317562733052827,-0.001739094256412499
2020-10-16,0.00127804768224411,-0.001471219528459411
2020-10-19,-0.007896565698533827,-0.007552674636035928
2020-10-20,0.004158949652017759,0.00798655869321574
2020-10-21,-0.00950503663705172,-0.00013351496932290097
2020-10-22,-0.00694482308912385,-0.0030983782024399664
2020-10-23,-0.014968925560512358,-0.01245086835859499
2020-10-26,-0.0020286634771685967,-0.005775152644172166
2020-10-27,0.0033448747465126684,0.0017138325901040474
2020-10-28,0.0029781599065813995,0.008084217156670848
2020-10-29,-0.00013743528800805893,0.007525431313815778
2020-10-30,-0.009532884823577264,-0.01625629593624034
2020-11-02,0.0017379938220123475,0.005430928177572181
2020-11-03,0.016917339178171332,0.012016954645687417
2020-11-04,-0.0002790328410269231,0.0075561583737304705
2020-11-05,0.010340054988455714,0.014843175463161051
2020-11-06,-0.0060637003612180294,0.0001248692455237954
2020-11-09,0.013950410172415327,0.01957336892003636
2020-11-10,-0.0029178867153652355,-0.005514569343651909
2020-11-11,-0.0056234815142761595,-0.009887199528450519
2020-11-12,0.004827811200134358,0.0007258048074374468
2020-11-13,0.0008739978613295892,-0.010514499456041104
2020-11-16,-0.0013012490888213324,0.00974294038317014
2020-11-17,-0.009046891817706737,-0.0019126580032911011
2020-11-18,-0.0006804789415178697,-0.0006374124324025621
2020-11-19,0.008274695435711923,0.007424867172151739
2020-11-20,0.0010978225585692924,0.0031047140923581296
2020-11-23,0.0014928485637471843,0.012489657697606127
2020-11-24,-0.004539320213441633,-0.006141821327744212
2020-11-25,-0.011030590617782004,-0.012783733960022414
2020-11-26,-0.0025175157551569033,0.0018103325391491953
2020-11-27,-0.0009666437170512753,0.012435995682567036
2020-11-30,-0.004541767829385172,-0.004119844923576199
2020-12-01,0.00970303916516207,0.02154125296104037
2020-12-02,0.0030236111636704394,7.89406169210416e-06
2020-12-03,0.002764918276857565,-0.0019892878428462435
2020-12-04,0.0056888453546444515,0.001752006106314763
2020-12-07,0.0008587048003522172,-0.00862232328974799
2020-12-08,-0.00048620304212240907,-0.0024610532352097314
2020-12-09,-0.009460768813865076,-0.013409502822422925
2020-12-10,0.0020043798499018318,-0.00044105448439102357
2020-12-11,-0.003473478488592132,-0.010300535166338887
2020-12-14,0.001947405611604263,0.0092460983755418
2020-12-15,-0.001307316462532799,0.0020790947629507617
2020-12-16,-0.005227961799396329,0.0017734727305815934
2020-12-17,0.006186801648747996,0.012840466140613183
2020-12-18,-0.0010687063699478447,-0.003489799660387094
2020-12-21,0.008741043635623192,0.009374056244337403
2020-12-22,-0.010741868427901138,-0.016261660761981656
2020-12-23,0.005871922376958843,0.008530103106488163
2020-12-24,-0.0033379570334914365,-0.0014179807953472734
2020-12-25,0.004429828576845982,0.008397966408134394
2020-12-28,-0.002202854563945393,0.004442672664274783
2020-12-29,0.0028486854718548144,-0.004239388201192296
2020-12-30,0.00874067820907905,0.01403348046972619
2020-12-31,0.006735784180145497,0.019082036329787888
2021-01-04,0.003707958305869475,0.010828412926549902
2021-01-05,-0.001358681204961946,0.019131616714631816
2021-01-06,-0.006808569977808438,0.009158982956132933
2021-01-07,0.01623880895339996,0.017717948859934163
2021-01-08,-0.015336012642367941,-0.003306333723878452
2021-01-11,-0.0056846965141443976,-0.009875478352012523
2021-01-12,0.027596131902149008,0.02852149174073193
2021-01-13,-0.02226184432673101,-0.003284283506213903
2021-01-14,-0.01640866913600837,-0.019274036970439057
2021-01-15,0.006096278347197212,-0.0022630638008503956
2021-01-18,0.015135919439442582,0.011073491044469863
2021-01-19,0.0001537550672050303,-0.014677848408631289
2021-01-20,0.01718081086533989,0.007155835748650086
2021-01-21,0.013480915988529851,0.016167466762105898
2021-01-22,0.016020832685434767,0.0008643352974049279
2021-01-25,0.02142629300545848,0.010079392722872393
2021-01-26,-0.013804872501958332,-0.020076716341504985
2021-01-27,-0.0032102743355815824,0.0027262981659612606
2021-01-28,-0.02290715986689866,-0.02729015918958022
2021-01-29,-0.006939364674335772,-0.0046827867602480255
2021-02-01,0.013797616837613836,0.012274008026965655
2021-02-02,0.02308399497449304,0.015401511725563699
2021-02-03,0.002894163322418549,-0.0028885184572512435
2021-02-04,-0.017119265335195588,-0.002050973528768374
2021-02-05,-0.012758208199295011,0.0017281853140784786
2021-02-08,0.026298480569973488,0.014799185178566043
2021-02-09,0.015432622723885006,0.021868755121698724
2021-02-10,0.01478311064421179,0.021362057595075923
2021-02-18,-0.005396288956428204,-0.006773742535797211
2021-02-19,-0.014062390366190392,0.0018133340729979963
2021-02-22,-0.016776590634665287,-0.03140941780703399
2021-02-23,-0.009729267296156918,-0.0031550757236039617
2021-02-24,-0.01689020259455691,-0.025467455960657248
2021-02-25,-0.0008177099534665188,0.005883142653795748
2021-02-26,-0.011856572902797291,-0.024279832381398192
2021-03-01,0.027882322996802007,0.015368875497492773
2021-03-02,-0.008824292193524281,-0.012761175024636473
2021-03-03,0.006366513434103952,0.01917515790811697
2021-03-04,-0.024732009651192908,-0.03145513470684369
2021-03-05,-0.005003585188848569,-0.0033915893885481108
2021-03-08,-0.03348264387497731,-0.034730561678194105
2021-03-09,-0.019448745885608753,-0.021460545430923572
2021-03-10,0.01058587479659129,0.0065600482800241
2021-03-11,0.02222946004666473,0.02490401929806696
2021-03-12,0.009257582648601052,0.003541189730549732
2021-03-15,-0.01258356009908789,-0.021537469055918912
2021-03-16,-0.002617630223318857,0.008702145152257756
2021-03-17,0.011586399487826552,0.004232816732816724
2021-03-18,0.0025072591852332684,0.008020216198837193
2021-03-19,-0.01949833983324421,-0.026193314753479857
2021-03-22,0.014017901188739357,0.0099978230868627
2021-03-23,-0.015985556940134385,-0.009471738034268262
2021-03-24,-0.015268786721092375,-0.01608224784149337
2021-03-25,0.005831207165561805,-0.00047477118666405804
2021-03-26,0.02725737058911674,0.022661808438295905
2021-03-29,0.001864524136480139,0.001764592625233652
2021-03-30,0.007546634436361243,0.009481105158038128
2021-03-31,-0.010569453913591894,-0.0091015618099487
2021-04-01,0.014894974587217197,0.01236441141281519
2021-04-02,0.009588084293539889,0.009935861062303708
2021-04-06,-0.005436971855434445,-0.00411116019188007
2021-04-07,-0.003955741712848634,-0.007120151585303769
2021-04-08,0.0013996181697926897,0.0016595672977073317
2021-04-09,-0.01388676386777489,-0.015036549750499284
2021-04-12,-0.02102173839895874,-0.017395051774060977
2021-04-13,7.182817534602999e-05,-0.0016391288969732631
2021-04-14,0.011338999977422456,0.008298175575548017
2021-04-15,-0.0005120289062020925,-0.006356625567448315
2021-04-16,0.004870230254633442,0.00347749127596253
2021-04-19,0.019416352641086706,0.02433258560905971
2021-04-20,0.006560270520049634,-0.0007175124139477962
2021-04-21,-0.000741906913591306,0.0030235847479131994
2021-04-22,-0.0025845459800145185,-0.0018632054193781222
2021-04-23,0.009274706697263302,0.00907994120929656
2021-04-26,-0.0044433618167061045,-0.011334936568363041
2021-04-27,0.0029302815843850155,0.002615594299265167
2021-04-28,0.008050969286196774,0.005641859770710855
2021-04-29,-0.0012281787444614683,0.008776693415428971
2021-04-30,0.003987082354439383,-0.007877354928284785
2021-05-06,-0.00814613466864174,-0.012173342780019025
2021-05-07,-0.004135645124778161,-0.012856838012139549
2021-05-10,0.0041598553013612255,-0.000726573993454882
2021-05-11,-0.005552844621407864,0.0061373041530961014
2021-05-12,0.0023942581741571377,0.004278268625101056
2021-05-13,-0.011678407650603082,-0.010224896175080045
2021-05-14,0.018106554224540664,0.023557121312565377
2021-05-17,0.017294857811548336,0.014558006022787895
2021-05-18,-0.0032567263409026387,0.0005033760913715213
2021-05-19,0.013767110326876506,-0.002955123756650413
2021-05-20,-0.0012871649822949454,0.0027338093332327507
2021-05-21,-0.002966099005538824,-0.010076334111649543
2021-05-24,-0.00379234796316098,0.004175959019506736
2021-05-25,0.013480332105962195,0.03159483201728608
2021-05-26,0.00463215382083129,0.0003967298927514129
2021-05-27,0.00011379401463787652,0.0033154217859296953
2021-05-28,0.01021164345318402,-0.003210802082338038
2021-05-31,0.029592611204017526,0.0019695212822936625
2021-06-01,-0.001907865587312178,0.0018962519483005646
2021-06-02,-0.008952992911869443,-0.009680475056536575
2021-06-03,-0.0012884755129236184,-0.006555802773928865
2021-06-04,0.013058072188130548,0.005135777473745495
2021-06-07,-0.008352724054077469,-0.0008803016879074255
2021-06-08,-0.006186621113315502,-0.00862318881770796
2021-06-09,-0.0033614944903484676,0.0008275804071771198
2021-06-10,0.004317507299587234,0.00668773692100566
2021-06-11,-0.006551831404121559,-0.008872287995568717
2021-06-15,-0.006472115985681741,-0.01112791165042959
2021-06-16,-0.024925269102912446,-0.01665905360626807
2021-06-17,0.010314591313888663,0.004212192131074044
2021-06-18,0.013917139110030919,0.00011368336048023231
2021-06-21,0.021643368810427346,-0.0023674808475110387
2021-06-22,0.011276526298718196,0.006241172090939884
2021-06-23,0.005772725183575374,0.004925656363721664
2021-06-24,-0.0014605709286159786,0.001666864177767735
2021-06-25,0.009120563568802345,0.016291793784680708
2021-06-28,0.013853471824301383,0.002250012881753083
2021-06-29,-0.004948730609743572,-0.011657044495559599
2021-06-30,0.012820735824806502,0.006454049097011083
2021-07-01,-0.0031936944688257403,0.0010757957442897315
2021-07-02,-0.012501951958091334,-0.028403376127702384
2021-07-05,0.006829373595908732,0.0009190887048524665
2021-07-06,-0.003472179224910121,-0.000528924709828682
2021-07-07,0.02710295115970453,0.011290354311345396
2021-07-08,0.0022209199539873843,-0.010160509990292721
2021-07-09,0.003301967680057812,-0.0036987103646434205
2021-07-12,0.019952341499943262,0.012480668476202661
2021-07-13,0.0021179390652334615,0.001829442925861846
2021-07-14,-0.011260876663013767,-0.011477800898465729
2021-07-15,0.009623158565430378,0.013452473697049827
2021-07-16,-0.018321367613802462,-0.011004647226223185
2021-07-19,0.0013466197048605819,0.003674356251606836
2021-07-20,0.012984839775486789,-0.0008800251882764565
2021-07-21,0.015995088429503913,0.006860455784802877
2021-07-22,0.0022975813989713195,0.0014988219376210754
2021-07-23,0.005756448157635627,-0.012135682049788987
2021-07-26,-0.019462712937264173,-0.03221115964497567
2021-07-27,-0.01942657669902358,-0.035325766958357874
2021-07-28,0.0005142778501922371,0.0019299940437478291
2021-07-29,0.02388285660701468,0.018861543373777545
2021-07-30,0.0007709459316696875,-0.008061406890750522
2021-08-02,0.014135335868084714,0.025476131585456363
2021-08-03,-0.020566538616212132,0.00014593391625838947
2021-08-04,0.03780121375382443,0.008995918499693945
2021-08-05,0.004768874529662696,-0.006061640740331664
2021-08-06,-0.00707860437400151,-0.005478239607813795
2021-08-09,-0.011772219787899342,0.01300400685961356
2021-08-10,-0.005253198525318588,0.011551360328629023
2021-08-11,0.008647528093254022,-0.005514410636209388
2021-08-12,-0.006884212439893171,-0.008372313741441206
2021-08-13,-0.0032463541352479087,-0.005503332763630353
2021-08-16,-0.022182948733343744,-0.000992725405278616
2021-08-17,-0.022833680211550706,-0.020981285430078933
2021-08-18,0.001606148049188537,0.011750113697440723
2021-08-19,0.01394749471059368,-0.006558730262512524
2021-08-20,-0.004963463665447069,-0.019100642926777045
2021-08-23,0.030333044370024015,0.01396649801751626
2021-08-24,0.006041417468633573,0.01085841666873466
2021-08-25,0.0009041840649016806,0.0019986130402851465
2021-08-26,-0.01892848218490061,-0.019711483495843396
2021-08-27,0.018923663351773118,0.005296140252956771
2021-08-30,-0.00614906856916468,-0.0028526799032118078
2021-08-31,0.01029350523598623,-0.0015914336822993036
2021-09-01,-0.018723910862893305,0.013286554672559792
2021-09-02,-0.006997847307679953,-1.026807900672555e-05
2021-09-03,-0.014962197851387539,-0.005411333200531332
2021-09-06,0.019197073242536375,0.018721634668990017
2021-09-07,0.02154920378015368,0.011978766572147359
2021-09-08,-0.007629925586444308,-0.004145945285539465
2021-09-09,0.006416624497837575,-0.00042637662329825243
2021-09-10,0.01861789308242139,0.008754509548270617
2021-09-13,-0.012561893655471668,-0.00436020999218123
2021-09-14,0.01250791838037521,-0.014924894724400284
2021-09-15,-0.0016345702059995231,-0.010135932123420899
2021-09-16,-0.03374535278022483,-0.012249040539763167
2021-09-17,-0.006067793404586463,0.010033903945753542
2021-09-22,0.004100470578558249,-0.007036742628615533
2021-09-23,-0.0007195775412100184,0.006518353218838646
2021-09-24,-0.011193431012767596,-0.0007768070551388284
2021-09-27,-0.015370548897459979,0.005761501867229679
2021-09-28,-0.009551126300454542,0.0013244843019906138
2021-09-29,-0.01663117209195678,-0.01021739085922313
2021-09-30,0.014943050716349682,0.006712964399567145
2021-10-08,-0.00911886030687732,0.013061043321729748
2021-10-11,-0.006697731406291044,0.0012677639078770842
2021-10-12,-0.018650716118354966,-0.01060534541822733
2021-10-13,0.01732125659848063,0.011521671471628858
2021-10-14,0.0018230326682067476,-0.005364253022705934
2021-10-15,0.014509860884234541,0.0037650525784505007
2021-10-18,0.004435298427601016,-0.011623828341217002
2021-10-19,0.009908764029348871,0.009834289957700859
2021-10-20,-0.0004060177433805265,-0.0025473721844834207
2021-10-21,-0.0013807322420701263,0.003633268026834058
2021-10-22,-0.00983610480767184,0.006434632976326959
2021-10-25,0.016042857947234545,0.003990136559853141
2021-10-26,0.004582167300266449,-0.003297506586980248
2021-10-27,0.0033216092588207752,-0.013084564082932126
2021-10-28,-0.00683663188852814,-0.006945465235925208
2021-10-29,0.0026841134314326775,0.009175311565867705
2021-11-01,-0.0045103636989673535,-0.003683203735355467
2021-11-02,0.007316352688240354,-0.01039526120036216
2021-11-03,0.002190961650297933,-0.0038720208270919265
2021-11-04,0.0018263437719661989,0.009879467591488389
2021-11-05,-0.004583008256262973,-0.005420293546174015
2021-11-08,0.009335489909491101,0.0012039608867595586
2021-11-09,0.00820815338739308,-0.0002970186750492765
2021-11-10,-0.004637264256755013,-0.0052715846115121145
2021-11-11,0.011675113339832744,0.016066572775601085
2021-11-12,0.01187067067510048,-0.0020985373521276163
2021-11-15,-0.02303167066835361,-0.0012253573276981289
2021-11-16,-0.008280818702437883,0.00019252905345346072
2021-11-17,0.009665982734980875,0.00049761228017009
2021-11-18,0.0033285131540424936,-0.009851097579696044
2021-11-19,0.007412987045921161,0.01084004117727333
2021-11-22,0.021390343686130516,0.0045684511028492025
2021-11-23,0.0002073638543801307,0.00019338816057334896
2021-11-24,-0.0028609621532790157,0.0006736747840068169
2021-11-25,-0.002229627351014766,-0.00411254794921756
2021-11-26,0.009941011652902695,-0.007415591736036675
2021-11-29,0.004158386060867121,-0.001792133132241358
2021-11-30,0.0012831199147306683,-0.003996767956598313
2021-12-01,-0.0163289586785062,0.0024461768656238725
2021-12-02,-0.0040030139263939534,0.002541366887909291
2021-12-03,0.008119810830688313,0.0092377516391553
2021-12-06,-0.01744722737214835,-0.0017139289372417599
2021-12-07,-0.013344753660754369,0.006025401523110485
2021-12-08,0.017409450384529398,0.014999695252026601
2021-12-09,0.004752021987650471,0.016565484304223554
2021-12-10,0.012660349968416293,-0.00464096056266472
2021-12-13,-0.0031816686881027422,0.005673455823007156
2021-12-14,-0.002826504692825431,-0.006707580943388858
2021-12-15,-0.01301122638000772,-0.008673782600946645
2021-12-16,0.0019683621212160285,0.005759204139115903
2021-12-17,-0.013027418769736163,-0.015883672014189276
2021-12-20,-0.014845269556723377,-0.015003753965883382
2021-12-21,0.0021361108457274643,0.00677605615910104
2021-12-22,0.003902557159498854,0.0001953804729428743
2021-12-23,-0.003281411305241802,0.0069773830235326795
2021-12-24,-0.02249655991430789,-0.0055367628931808355
2021-12-27,-0.002291355526448165,-0.00041045731447131306
2021-12-28,0.017851621676217344,0.007448183895335303
2021-12-29,-0.005280891179110073,-0.01462481537381266
2021-12-30,0.0010176724797876272,0.007787479420413357
2021-12-31,0.008629504513607222,0.003832157203784936
2022-01-04,-0.017227090003261666,-0.004574556156724974
2022-01-05,-0.02347339291234919,-0.010096039465042228
2022-01-06,0.0031685492837861657,-0.010248309408971035
2022-01-07,-0.013518286320278924,0.000859236690652132
2022-01-10,0.0010077623925049968,0.004495714762658309
2022-01-11,-0.004886731353353316,-0.009553988914234979
2022-01-12,0.018192207756970977,0.009965046261075416
2022-01-13,-0.014786069017457562,-0.016439724449911042
2022-01-14,0.0070056892802974275,-0.008222966394736075
2022-01-17,0.01068467178527358,0.00857886953559861
2022-01-18,-0.002171865836191422,0.00966379151214114
2022-01-19,-0.010105633022227714,-0.006849699273894561
2022-01-20,-0.0055896559690118836,0.009022295298700023
2022-01-21,-0.0016651009961086698,-0.009163451511451148
2022-01-24,0.010599996439915492,0.0015546177167833353
2022-01-25,-0.0162002905790861,-0.022622912462343936
2022-01-26,0.00016745053846717675,0.007237439750344743
2022-01-27,-0.021891657762315126,-0.019614583930174456
2022-01-28,0.0025363387651490587,-0.012145337108323107
2022-02-07,0.010679993563619377,0.015408313740613577
2022-02-08,0.0027160863338388263,-0.005463855902669068
2022-02-09,0.01062401548926519,0.00939296167958048
2022-02-10,-0.005736884878073927,-0.0026224941208842223
2022-02-11,-0.011882620339234491,-0.00828904320388979
2022-02-14,0.000915472042750146,-0.010803233798409195
2022-02-15,0.028048044871502507,0.010635610070105939
2022-02-16,0.00583777926431121,0.003889045890306697
2022-02-17,-0.0002823566713610439,0.0024188012533592484
2022-02-18,-0.0020744128806871698,0.00476976384484451
2022-02-21,0.0035987075881675195,-0.0036398895778329
2022-02-22,-0.0071352611853364445,-0.0129814362871713
2022-02-23,0.01021169372162251,0.01069051080528638
2022-02-24,-0.009335401988696685,-0.02027449411103066
2022-02-25,0.003644782512810411,0.0097365608965585
2022-02-28,-0.00018544576746052366,0.001799528580362031
2022-03-01,0.0030178817764983574,0.008302685713662106
2022-03-02,-0.001009053680899463,-0.008894536213468696
2022-03-03,-0.0016979287294552545,-0.005890446861486098
2022-03-04,-0.0021817319460509673,-0.0121275235465097
2022-03-07,-0.01332469183958627,-0.031947567292274215
2022-03-08,-0.021729904104802137,-0.02007682446620307
2022-03-09,-0.009626715807839435,-0.009152738671024174
2022-03-10,0.02575145258061075,0.01573225123333377
2022-03-11,0.001602641438559534,0.0031867015775104424
2022-03-14,-0.021059537145189433,-0.030595469195545455
2022-03-15,-0.03128227218962958,-0.04573915626287506
2022-03-16,0.03007001635411724,0.04324252411636098
2022-03-17,0.013952579095265765,0.01963869800388829
2022-03-18,0.009793030830486287,0.006654553177431133
2022-03-21,0.004372647948003015,-0.0016760824210599878
2022-03-22,0.0008463161774964145,-0.0008100968594070279
2022-03-23,0.004652074632725951,0.004986722440251112
2022-03-24,-0.010217995582280393,-0.0058949800304920474
2022-03-25,-0.01063771560855298,-0.018050906661711497
2022-03-28,-0.003506774010323767,-0.006252140939066675
2022-03-29,-0.007706637141075293,-0.003454285555879566
2022-03-30,0.019069773015717644,0.029016917666068398
2022-03-31,-0.00958154369162823,-0.0074046214240379715
2022-04-01,0.0023745571436770458,0.012684128262208105
2022-04-06,-0.006133877450189157,-0.002881089575693996
2022-04-07,-0.01463790859487771,-0.012838192802731796
2022-04-08,-0.0037485647267322558,0.005148369010002263
2022-04-11,-0.03178534475213803,-0.030892721655868982
2022-04-12,0.007368053921401306,0.019487472165109487
2022-04-13,-0.013368832456164938,-0.009624470989026301
2022-04-14,0.005057812848988252,0.012520109958596315
2022-04-15,-0.0005835378381518648,-0.0006727789348620616
2022-04-18,0.01159216074494523,-0.005340495374515086
2022-04-19,-0.005770336235669874,-0.0075557198335246545
2022-04-20,-0.015354598293115243,-0.015504607124718794
2022-04-21,-0.03209848438891105,-0.018414116178923523
2022-04-22,-0.015141930894358164,0.00435954482548051
2022-04-25,-0.06805215791390662,-0.04942129197034828
2022-04-26,-0.022577381813461278,-0.008070963666246378
2022-04-27,0.0641031898009501,0.02944409796729497
2022-04-28,-0.008468470159573123,0.006563916684208193
2022-04-29,0.03610189951910062,0.024260987322467287
2022-05-05,0.016946673595471824,-0.001501404298547837
2022-05-06,-0.01587699650429937,-0.02528296523124718
2022-05-09,0.00783673281190995,-0.00802799821941147
2022-05-10,0.029621505529436914,0.01094278699348017
2022-05-11,0.027353926873147683,0.014426498837971646
2022-05-12,-0.00038179693586247253,-0.004446210410369189
2022-05-13,0.002801990185477848,0.007542804023502381
2022-05-16,0.004632968687896043,-0.008037908037908048
2022-05-17,0.008605520908683403,0.012473019355295323
2022-05-18,0.005144144402547553,-0.0034898611794133005
2022-05-19,0.00043792840792488585,0.0019263961361855042
2022-05-20,0.010659535373102552,0.019501950195019546
2022-05-23,0.005088538481083334,-0.00579262311163431
2022-05-24,-0.005656662274050299,-0.023391827290711875
2022-05-25,0.0038243000042620483,0.006069484611595843
2022-05-26,0.002688495702132402,0.002475409095245462
2022-05-27,0.0024391657025466277,0.002068599362891499
2022-05-30,0.002620503130795515,0.006927748481743379
2022-05-31,0.0007996317217325104,0.015512457123568524
2022-06-01,-0.0002881358341784366,-0.0020383622712342175
2022-06-02,0.00027623058461259117,0.0015649567249056417
2022-06-06,0.00260208798394553,0.018711013627349615
2022-06-07,-8.4e-05,0.0031300331965944395
2022-06-08,0.0,0.009734083409705052
2022-06-09,0.0,-0.010460186596079057
2022-06-10,0.0,0.015164033556291479
2022-06-13,0.0,-0.011710336660383569
2022-06-14,0.0,0.007867568954611048
2022-06-15,0.00096687699050163,0.013241566820058281
2022-06-16,0.0007942608891615466,-0.00658217669965544
2022-06-17,-0.0006346046350350817,0.013877451141866226
2022-06-20,0.000763600905295762,0.004963982696842173
2022-06-21,0.0008895551146658175,-0.0011222903961040087
2022-06-22,-0.000603316399224332,-0.012703528089939575
2022-06-23,0.0010246062889765256,0.017154417859701843
2022-06-24,0.00027082838301927626,0.01171533283608217
2022-06-27,0.0026685206318864288,0.01126111264070695
2022-06-28,0.0010313609426404542,0.010408931970676827
2022-06-29,-0.0010188074723773636,-0.015401334366621389
2022-06-30,0.0009154705140305142,0.014396022943166997
2022-07-01,-0.0001469623867050666,-0.004078028811529966
2022-07-04,1.8432865799722364e-05,0.006561861947916858
2022-07-05,-0.0009313464875261449,-0.001443495706211828
2022-07-06,-0.0005384286583282092,-0.014605059761133576
2022-07-07,0.0025197893889372437,0.0044078056587182335
2022-07-08,0.0013819776648950524,-0.003305974834982739
2022-07-11,-0.0009104257989844895,-0.01674501781528992
2022-07-12,-0.0017011326587656366,-0.009415287671484585
2022-07-13,0.0007576607613403046,0.0018174989915662465
2022-07-14,0.002662578985258731,0.00014115599820430091
2022-07-15,-0.0030002233207955774,-0.017014995129648547
2022-07-18,0.007136137062004925,0.010370645846916604
2022-07-19,0.00039578150651827567,-0.0054163104326292455
2022-07-20,0.0001385825563281214,0.003386940370174285
2022-07-21,-0.001594895597140093,-0.011144311125636075
2022-07-22,-0.0011755266687376253,0.000512268475894917
2022-07-25,-0.002772406458368922,-0.006037897896055466
2022-07-26,0.0012804924498089787,0.00791427703292924
2022-07-27,-0.0005059022061242054,-0.004931723653903153
2022-07-28,0.0008481221525827421,0.00014911101433368046
2022-07-29,-0.003227148710588646,-0.013150577304900657
2022-08-01,0.002771516138361792,0.004455528644397022
2022-08-02,-0.005785572562893681,-0.019495401892720365
2022-08-03,0.0016592024463229075,-0.009749161192300071
2022-08-04,0.005832177394417329,0.008497705914462417
2022-08-05,0.005524553505541561,0.013499807389419471
2022-08-08,-0.0003485200801815247,-0.0021265795987885916
2022-08-09,-0.0004962529351083917,0.0019816444756237672
2022-08-10,-0.003281944629198699,-0.0111998922115637
2022-08-11,0.007736045517766913,0.02039058431920271
2022-08-12,-0.0005858542472252943,-0.0005699242167716001
2022-08-15,0.0005007265155809471,-0.0013051310499503366
2022-08-16,0.00020427968916151412,-0.0018730528850748884
2022-08-17,0.0011063724006714318,0.009363690328016316
2022-08-18,-0.002690650039289562,-0.008740893914099157
2022-08-19,-0.003361822716807265,-0.0069448099327769075
2022-08-22,0.009409939599007133,0.007306549877501345
2022-08-23,-0.0032686246972870973,-0.004859616396422184
2022-08-24,-0.007821577577340545,-0.018903746142828304
2022-08-25,-0.004558534830072226,0.008284301958152218
2022-08-26,-0.004031245496533266,-0.0021111499815364976
2022-08-29,0.0039777710322131295,-0.00438947791262434
2022-08-30,-0.0011809501813517254,-0.0033573622332205844
2022-08-31,-0.014691289379706748,0.0007483211843593018
2022-09-01,-0.003417556882726253,-0.008605387806337239
2022-09-02,0.008945511779819922,-0.004978064860747589
2022-09-05,-0.004758031326298679,-0.002033000216223768
2022-09-06,0.01746813725954447,0.009177099339298778
2022-09-07,0.010692612066272242,0.0006662915691906246
2022-09-08,-0.008442730976279617,-0.004266358896961364
2022-09-09,0.01156311926713905,0.013896594083731229
2022-09-13,0.003412437522383694,0.004230798355558063
2022-09-14,-0.005611737208543382,-0.01112838138604888
2022-09-15,-0.008454801611866873,-0.009406301040990273
2022-09-16,-0.011020767348382447,-0.02345100220504981
2022-09-19,0.0007223050944872902,-0.0011900281741712426
2022-09-20,0.01086128420137294,0.0012321792260692188
2022-09-21,-0.0021293488051517457,-0.007401775815949807
2022-09-22,-0.0005735624165229029,-0.008809523199606484
2022-09-23,-0.010872909876575548,-0.0034424475491944273
2022-09-26,-0.0010741797955541163,-0.005015534151793899
2022-09-27,0.013498200932360078,0.014496908785721185
2022-09-28,-0.025813084990015736,-0.0163373840659764
2022-09-29,0.0040817320575906035,-0.00041005978514963015
2022-09-30,-0.006669155680854251,-0.005813740809063717
2022-10-10,-0.022787163288675045,-0.022063712748594533
2022-10-11,0.011496875797116064,0.0018140577380985068
2022-10-12,0.019198960595012447,0.015189031276742426
2022-10-13,0.001543723373724734,-0.008360837246420005
2022-10-14,0.011589919529289658,0.023929628770981592
2022-10-17,0.012682842708658007,0.0010253821109860173
2022-10-18,0.003060384732603415,-0.002116259057146741
2022-10-19,-0.009740658137139086,-0.016085371795105496
2022-10-20,0.002696258791664992,-0.005719536187982155
2022-10-21,-0.0009287142267879229,-0.0032064512520872945
2022-10-24,0.0021592523520571386,-0.0292608118325679
2022-10-25,-0.0017867979525833459,-0.0016293413552707081
2022-10-26,0.01141909102479842,0.008118650842878772
2022-10-27,-0.001416774053368339,-0.007044217780087014
2022-10-28,-0.013931582401924566,-0.024733279355794613
2022-10-31,-0.0006896550465923769,-0.009214052347564339
2022-11-01,0.020831432915930596,0.03575968307350319
2022-11-02,0.01994464177603601,0.012008243973176791
2022-11-03,0.001584737258042486,-0.008132557146780295
2022-11-04,0.020244420075020333,0.032695523451848896
2022-11-07,0.002882417968378985,0.002158118693873723
2022-11-08,-0.0014072684994684834,-0.006878923529256009
2022-11-09,1.8555932194377785e-05,-0.009351004046056266
2022-11-10,-0.00045860018907549764,-0.007694647938895072
2022-11-11,0.005113832864527031,0.027878090669589684
2022-11-14,0.0010992240457202498,0.0014729017748729145
2022-11-15,0.005230150102645232,0.018964053958598015
2022-11-16,-0.0029179066304005573,-0.008168713156077256
2022-11-17,-0.0011734465040554606,-0.004102347439879583
2022-11-18,-0.0006885933516568871,-0.004475391891396341
2022-11-21,0.004863968549154581,-0.008533316498183674
2022-11-22,-0.004973756497203948,0.0001167378148272391
2022-11-23,0.0007516739710056467,0.001050517698305109
2022-11-24,0.0010220570876800347,-0.004430864469078144
2022-11-25,-0.005420436081429464,0.005049496780513252
2022-11-28,-0.0024297974581050878,-0.011266546250046416
2022-11-29,0.0027410068955289885,0.030852557028211436
2022-11-30,0.0008265049298602982,0.001200492669718889
2022-12-01,0.00802130644116639,0.010830409235305094
2022-12-02,-0.00029478251155391224,-0.006115893878200773
2022-12-05,-0.0016589145534171331,0.019615339903641393
2022-12-06,0.0015430995116587,0.005401735041349109
2022-12-07,0.0013721989813245104,-0.0024595534499268767
2022-12-08,-0.00021802642645605145,0.0001869423308171747
2022-12-09,0.00025676002929142646,0.009865679256815696
2022-12-12,0.00024504329529821217,-0.011204930169274374
2022-12-13,-0.0001200308437352186,-0.0019628475454288585
2022-12-14,-0.000533741182345963,0.002334198414468469
2022-12-15,0.00011256296801189353,-0.0007332694461793521
2022-12-16,-0.0009108293113241091,0.0005668030536514213
2022-12-19,-0.0026373831397944578,-0.015429046868796203
2022-12-20,-0.001371833460165758,-0.01649020605051854
2022-12-21,-0.001939659570720098,0.0003969684148945607
2022-12-22,-0.005558381535483152,0.0014332182929821524
2022-12-23,-0.0034450277882029224,-0.0020359590514152925
2022-12-26,0.022504224496021682,0.003988798971845897
2022-12-27,0.006227268071965727,0.011541593707802056
2022-12-28,-0.009516792470669116,-0.004267139935954289
2022-12-29,-0.0010884313448377074,-0.003761049374105707
2022-12-30,-0.0008329933572502062,0.003871185210153838
2023-01-03,0.02399953939329454,0.004202364378827594
2023-01-04,-0.004708091050764879,0.0012989017207232223
2023-01-05,0.0040127699879798475,0.01942742650175311
2023-01-06,0.004527943065121506,0.0031018651507592754
2023-01-09,0.005849468031339727,0.008096179497549594
2023-01-10,0.004145851602314417,0.0010839446615102943
2023-01-11,-0.0037117102973801518,-0.00185191177532118
2023-01-12,-0.0021804491686483315,0.0019550975927860037
2023-01-13,0.0016678245585513155,0.014064666104179668
2023-01-16,0.004508236352436335,0.0156048282192629
2023-01-17,0.0005428191306239912,-0.00017399878200863306
2023-01-18,0.0003200799137466292,-0.0016750297299648054
2023-01-19,0.0041123025113998235,0.006222293241911592
2023-01-20,0.0034857498862865786,0.006140504955473913
2023-01-30,-0.0005299239821157616,0.004739891857765022
2023-01-31,-0.000951040640053998,-0.010589453389981962
2023-02-01,0.004510009385837203,0.0093989213011747
2023-02-02,0.0005228970237504429,-0.003522461051542969
2023-02-03,-0.004006154988782969,-0.009451945039044118
2023-02-06,-0.002583310309347357,-0.013219432928581298
2023-02-07,0.003017282342677622,0.0017984379281994478
2023-02-08,-0.0018809288477347936,-0.0044184132303266566
2023-02-09,0.007303311183188714,0.013424465302958044
2023-02-10,-0.0016366093127934904,-0.005943072386863535
2023-02-13,0.006548934449191142,0.009073840016949442
2023-02-14,0.001672345690074928,0.00041510098779551363
2023-02-15,-0.0026966255333687786,-0.0052107331453288275
2023-02-16,-0.005451341781117125,-0.007323537899308619
2023-02-17,-0.0024615544392699853,-0.014408243332706183
2023-02-20,0.003574537538447605,0.024533338621046896
2023-02-21,0.00272803705982283,0.0026273197709443252
2023-02-22,2.0634100123395614e-05,-0.009024334334696738
2023-02-23,0.0014351676274797535,-0.000803515991185666
2023-02-24,-0.003679813887814361,-0.010381002278459284
2023-02-27,-0.002359591154137652,-0.004237820268157222
2023-02-28,0.0023813394592953727,0.006335562237872905
2023-03-01,0.003516223474976162,0.014124724164876756
2023-03-02,-0.002022144080644043,-0.002229254605106923
2023-03-03,-0.00027432933483435194,0.003110929781870775
2023-03-06,0.0030085884629084646,-0.0052148019028942505
2023-03-07,-0.0047244472076850485,-0.01464099624970494
2023-03-08,-0.0010131177190549603,-0.0036405399063931254
2023-03-09,-0.0006475472557235499,-0.003534856511101636
2023-03-10,-0.003951193831369385,-0.013112429568267525
2023-03-13,0.0038960545317688576,0.010473540132186043
2023-03-14,-0.0013204630063035256,-0.005984498676625094
2023-03-15,0.001466713757829373,0.0005521118277411752
2023-03-16,-0.0074831214128363395,-0.011976723770347864
2023-03-17,0.002512034778948954,0.0049934630567507465
2023-03-20,-0.0038827394016035938,-0.004986334311739449
2023-03-21,0.011065679547166932,0.010992414472414946
2023-03-22,0.002183290408893695,0.004283870449329319
2023-03-23,-0.0003421433778494317,0.009913887944312139
2023-03-24,-2.04255163819943e-05,-0.0029808694532679203
2023-03-27,-0.0010396534071758076,-0.0036180330514893333
2023-03-28,-0.0039254565484540095,-0.003232414865619204
2023-03-29,-0.0014123533038395764,0.001657703068625782
2023-03-30,0.005587115859687963,0.008085089387789735
2023-03-31,-0.0002394094270606501,0.0030704241394763354
2023-04-03,0.00505058861588329,0.009785407301533322
2023-04-04,0.0012012460889556135,0.0030655874364695634
2023-04-06,0.005231116663721727,-0.0015768526800401528
2023-04-07,0.003941777472905385,0.006502890173410325
2023-04-10,-0.0009256845957202036,-0.004479443549795126
2023-04-11,0.0005479188562761979,-0.0011352535196514912
2023-04-12,0.00046036145751101595,-0.0006975354560198044
2023-04-13,-0.004678946820917655,-0.006909445023417948
2023-04-14,0.005012030223506477,0.005657437490476758
2023-04-17,0.0015311266424874322,0.01402248289345076
2023-04-18,-0.0003029320754201121,0.003048648231783968
2023-04-19,-0.0014020568549722322,-0.00900281833624439
2023-04-20,0.003928437040150612,-0.0027978741974901133
2023-04-21,-0.0038606741226537423,-0.019559836810907894
2023-04-24,-0.0041022827386862065,-0.012381682153068674
2023-04-25,-0.007953172392333606,-0.005014261896631345
2023-04-26,0.006677838281998377,-0.000868101557788048
2023-04-27,0.0033127639911955556,0.007372645691207547
2023-04-28,0.004391267991915492,0.010197020373982735
2023-05-04,0.0016760550005637366,0.00028790620214480533
2023-05-05,-0.006877991980623395,-0.0033174120712113897
2023-05-08,0.003239759569210439,0.011396905060643947
2023-05-09,-0.007972630167136278,-0.008560893601728847
2023-05-10,0.003126495507412206,-0.007698839091532128
2023-05-11,0.002043138957332446,-0.0015537157825998849
2023-05-12,-0.008582618654644854,-0.013255952649436353
2023-05-15,0.009777737309910056,0.015524054284669297
2023-05-16,-0.001344630300449729,-0.005171435073232811
2023-05-17,0.0011752185322703279,-0.00453470279346746
2023-05-18,-0.0006020764278857104,-0.0010353090902662787
2023-05-19,0.0024538717010734474,-0.0029145085905962764
2023-05-22,0.005328765756223008,0.006284636484862549
2023-05-23,-0.002391407680757349,-0.01414344486349084
2023-05-24,-0.00022347467931328472,-0.01382503788469247
2023-05-25,-0.0025149677219559775,-0.0022259133629949357
2023-05-26,-0.0012602880083915418,0.0001168679392287153
2023-05-29,-0.0029897317774374432,-0.00441709188641759
2023-05-30,-0.00019346419812115158,0.0009937557708257216
2023-05-31,-0.005242608835020583,-0.010216923978893844
2023-06-01,0.0020322873557500243,0.0021929478167928007
2023-06-02,0.012256354620376065,0.01443705721498234
2023-06-05,-0.003374606834091088,-0.004552245955932843
2023-06-06,-0.006593519214767851,-0.009388047083306317
2023-06-07,-0.0026412516340151367,-0.00494201924288884
2023-06-08,-0.001007777679148266,0.008141259427763226
2023-06-09,0.0014360005629910943,0.004321774571421688
2023-06-12,0.010100666802539139,0.0020147522610576285
2023-06-13,0.0014147512880259853,0.005327187645502773
2023-06-14,-0.0020012270860416165,-0.00023027703103040142
2023-06-15,0.009372016334300848,0.015910890730379323
2023-06-16,6.400825912922494e-05,0.009642083810979418
2023-06-19,-0.0017123311250240765,-0.008184995016841778
2023-06-20,-0.0033166588304100464,-0.0016968081182220374
2023-06-21,-0.006325858759828007,-0.015343098281450529
2023-06-26,-0.001812516917046588,-0.014060449841228007
2023-06-27,0.011815515720212907,0.009378691235530257
2023-06-28,-0.001781244700576871,-0.0012040265978056075
2023-06-29,0.0019196574819736838,-0.004936471568423251
2023-06-30,0.00750444092801487,0.005392690431833769
2023-07-03,0.00500253032241943,0.013124438834597685
2023-07-04,0.0034001166739104187,0.0015746696533158744
2023-07-05,-2.8446835422128254e-05,-0.0077455559231702775
2023-07-06,-0.00015968251091415343,-0.006735921381510024
2023-07-07,-0.0024540813151653637,-0.0044369266801119744
2023-07-10,0.0061033307247128485,0.004869697048906163
2023-07-11,0.002610269392886774,0.006544703498398974
2023-07-12,-0.003453665331480586,-0.0067321533328681404
2023-07-13,0.005025322674032562,0.014304893532876894
2023-07-14,-0.003339627759411653,0.0001744296407262258
2023-07-17,-0.006051000205014537,-0.008189069272396154
2023-07-18,0.0001533461167355606,-0.003162519361703753
2023-07-19,-0.0005901614750464542,-0.001055788157532933
2023-07-20,-0.00283551543032093,-0.0070581453022303675
2023-07-21,-0.0013213410126559153,-0.0004655189097443335
2023-07-24,-0.0032503375100888412,-0.004366926484401845
2023-07-25,0.009738721521309253,0.02888137873762897
2023-07-26,-0.0018476996473253404,-0.00207145630274419
2023-07-27,-0.00343439713714208,-0.0011927279428515236
2023-07-28,0.005646076383109741,0.02316296590515976
2023-07-31,0.004019996046381439,0.005482450647926074
2023-08-01,-0.00018903999895479115,-0.004142349357226016
2023-08-02,-0.0014624008779057366,-0.007028514257128582
2023-08-03,0.002272812075763889,0.008836494622030733
2023-08-04,-0.0004574774433903824,0.003895150537580605
2023-08-07,-0.002849377687553126,-0.0075685597600345655
2023-08-08,0.0017103833815092062,-0.0026114306479706473
2023-08-09,-0.002645716578104983,-0.003055483663464531
2023-08-10,-0.00022408732226184558,0.002054154053992674
2023-08-11,-0.0071984264273438105,-0.023007153421267024
2023-08-14,-0.0020269903586904543,-0.007296131814378604
2023-08-15,-0.002031124862741474,-0.0024300359707565278
2023-08-16,-0.0016009350342337588,-0.007333863680086483
2023-08-17,0.0023599410206418684,0.003344394015184715
2023-08-18,-0.007120772324641696,-0.012294119182480245
2023-08-21,-0.0013192838304035657,-0.014386892177589816
2023-08-22,-0.0021204950595635954,0.007687233882817335
2023-08-23,-0.012732174286894505,-0.016390694555681762
2023-08-24,0.001423001724278691,0.007249846481795608
2023-08-25,-0.011407991764503833,-0.00383517348251472
2023-08-28,0.004242124691891739,0.011719666230807446
2023-08-29,0.019016259103472603,0.009990353406420072
2023-08-30,0.0026079749070374372,-0.0004221513359770057
2023-08-31,-0.0053971281577986805,-0.006134337773953447
2023-09-01,0.004736905385956047,0.006963644041463102
2023-09-04,0.01585779028331853,0.015154991836982212
2023-09-05,-0.00010947931396851286,-0.0074383922888059395
2023-09-06,0.0006412300866123038,-0.002169975290028048
2023-09-07,-0.010072200197298126,-0.014050256687381912
2023-09-08,-0.0009179348278354501,-0.004916894374572656
2023-09-11,0.008057964852539665,0.007366329856496989
2023-09-12,0.0012310745284838294,-0.0018420507811462983
2023-09-13,-0.00771705936458381,-0.006368664574801897
2023-09-14,-0.0052340991369809525,-0.0008403248899414573
2023-09-15,0.0020437340072903096,-0.006623793695476943
2023-09-18,0.0048682006143888545,0.005104104314626268
2023-09-19,-0.005256700351872993,-0.0019341633335211439
2023-09-20,-0.004973355269956896,-0.003980647762397482
2023-09-21,-0.00430059502101053,-0.008972687947453761
2023-09-22,0.010661472368257104,0.0181051290150418
2023-09-25,-0.005341661174006647,-0.0065072092817998195
2023-09-26,-0.005271955179289534,-0.005844505464922212
2023-09-27,0.005516592759934794,0.0020607166744746053
2023-09-28,0.0010987374418438963,-0.0029671665991082286
2023-10-09,-0.0054263957319044265,-0.0012982718619224398
2023-10-10,-0.0012372085655113568,-0.007490372428916037
2023-10-11,-0.0024714581396034882,0.0028492287668198113
2023-10-12,0.010253524220096765,0.009496803042903235
2023-10-13,-0.007085179447733923,-0.010525661871553016
2023-10-16,-0.007788400116421053,-0.010048015373654628
2023-10-17,0.0007771083434094457,0.0035294766447913073
2023-10-18,-0.00844263028232843,-0.007918887728746493
2023-10-19,-0.003441391283040425,-0.021337292069418146
2023-10-20,9.85422818838123e-05,-0.006494903128307583
2023-10-23,-0.01429175623630148,-0.010354384875476907
2023-10-24,0.007959668609652033,0.0037101639495258354
2023-10-25,0.0067627446571536035,0.004969702878871773
2023-10-26,0.004909882864612255,0.002762194460772749
2023-10-27,0.018859525277118292,0.013730244099552147
2023-10-30,0.00794232245847711,0.006001588820988113
2023-10-31,-0.005265494034662724,-0.0031419427027961078
2023-11-01,0.0034525220259603736,-0.0004142745576639628
2023-11-02,-0.005386916093529779,-0.004715726275052345
2023-11-03,0.0056280966427331046,0.008426673869432966
2023-11-06,0.01080097830746094,0.013523467275273982
2023-11-07,-0.0009432073541990578,-0.0035374014826804467
2023-11-08,-0.0018000914505971264,-0.0024007116493911518
2023-11-09,-0.0012619842174156932,0.00048739016413401615
2023-11-10,-0.0027044121645510067,-0.007290683480817073
2023-11-13,-0.0005567601429809536,-0.001974074931200165
2023-11-14,0.0008386304474805417,0.0007403454759304928
2023-11-15,0.005995822239402145,0.007032266349530802
2023-11-16,-0.006232940163634161,-0.009672187954813172
2023-11-17,0.0020531938516397783,-0.001200886808720325
2023-11-20,0.000802582139142797,0.0023121743687763985
2023-11-21,-0.0007177794608280164,0.0013281809234073627
2023-11-22,-0.0066079502246227315,-0.010234371291262145
2023-11-23,0.0045760607019661005,0.004824484682966368
2023-11-24,-0.00450557229241915,-0.006601114131045138
2023-11-27,-0.0013573649257828634,-0.007368548986577239
2023-11-28,0.001553396129426595,0.001873608319048703
2023-11-29,-0.0020196283574119476,-0.008585996384843586
2023-11-30,-0.0037068948800431396,0.002261840260756598
2023-12-01,-0.0018327390999472411,-0.003809850695040251
2023-12-04,-0.0033909259448629252,-0.006529079382579961
2023-12-05,-0.007571894884345279,-0.019039692035582312
2023-12-06,0.0035545733295892935,0.0015732442417493164
2023-12-07,-0.003342082534225944,-0.0024473467466760157
2023-12-08,-0.0010727206332383466,0.0024120685994668545
2023-12-11,0.002347872820028747,0.0058803457019642735
2023-12-12,-0.00012697602218062488,0.002149468481773553
2023-12-13,-0.008593610603389097,-0.01668903933699084
2023-12-14,-0.0015413518554917612,-0.005237994901487131
2023-12-15,-3.511024081020636e-05,-0.003105645652096034
2023-12-18,-0.009287766900536244,-0.003645015037931576
2023-12-19,-0.0003668949111779963,0.0014026677719809477
2023-12-20,-0.006625905616795188,-0.010959676548571662
2023-12-21,0.008947324683968489,0.010119787717968176
2023-12-22,-0.0002783415222165926,0.0019094110547694942
2023-12-25,0.003788002082640085,0.00306242003098367
2023-12-26,-0.007919523257792882,-0.006769331879490359
2023-12-27,0.0010686202295868447,0.0034799190324803497
2023-12-28,0.027783019811262254,0.02343272308743649
2023-12-29,0.005905822315669255,0.004852776655127844
2024-01-02,-0.005841860467829818,-0.013045341012092315
2024-01-03,-0.0010823061974188843,-0.00237719078063392
2024-01-04,-0.003620570888721831,-0.00925021460497888
2024-01-05,-0.004626230996762019,-0.005359943831134917
2024-01-08,-0.0032887705216138423,-0.012931384063608609
2024-01-09,0.000378186521075737,0.001959793795609288
2024-01-10,-0.000544754205533482,-0.004668185269551928
2024-01-11,0.0004734749542965747,0.0056573892399751635
2024-01-12,-0.0017015291764576005,-0.0034894270360806834
2024-01-15,0.00013110155184055858,-0.0009895955446885818
2024-01-16,-0.00030333920228011054,0.006083659461370683
2024-01-17,-0.0034001794608963763,-0.02175177528416672
2024-01-18,0.002090961411799114,0.014137153616510023
2024-01-19,-0.005207115001424053,-0.0015115750000762596
2024-01-22,-0.01213536996180765,-0.015560679923419918
2024-01-23,0.011624314741793021,0.004047966696697491
2024-01-24,0.0025928645042744614,0.013979263164734412
2024-01-25,0.022542450664117624,0.020081718343296417
2024-01-26,-0.015762528525166773,-0.002722171036100174
2024-01-29,-0.014904218477352288,-0.008956692322920845
2024-01-30,-0.017008348734227862,-0.017833145679729823
2024-01-31,-0.02763377569455687,-0.009149347927914664
2024-02-01,-0.0057079699119644235,0.0007339791935558893
2024-02-02,-0.034905057941561256,-0.011834503420134146
2024-02-05,-0.05076562967044895,0.006538496617531031
2024-02-06,0.047112964162178604,0.03476731179032755
2024-02-07,0.024374909546934095,0.009644622534114022
2024-02-08,0.04526716714193311,0.006370322075109902
2024-02-19,0.016730926654516406,0.011554475130240549
2024-02-20,0.011526704792279031,0.002068270555642071
2024-02-21,0.008769792210862567,0.013492238005189394
2024-02-22,0.009166974642719755,0.008620515090240755
2024-02-23,0.007310108063307396,0.0008804962901565183
2024-02-26,0.0007418156671559804,-0.010424845403955496
2024-02-27,0.00019358814122953928,0.011997011606087904
2024-02-28,-0.001149365418337763,-0.012741824258395984
2024-02-29,0.0008883134631637664,0.019076823195933068
2024-03-01,0.0003177772606599201,0.006177333849059163
2024-03-04,0.002903130661947495,0.0008677709310871418
2024-03-05,-0.0009430487916096673,0.006958741778150701
2024-03-06,0.0,-0.004055520809084778
2024-03-07,0.0,-0.006006674082313812
2024-03-08,0.0,0.004303457498045171
2024-03-11,0.0,0.01251089590426857
2024-03-12,0.0,0.0022929517504999275
2024-03-13,0.0,-0.006985425949759372
2024-03-14,0.0,-0.002838459729702536
2024-03-15,0.0,0.0021812240681373662
2024-03-18,0.0,0.009394984299676112
2024-03-19,0.0,-0.0071873968025797375
2024-03-20,0.0,0.002166238543393151
2024-03-21,0.0,-0.0011965258912584043
2024-03-22,0.0,-0.010077937164382988
2024-03-25,0.0,-0.005427362482369524
2024-03-26,0.0,0.005102445997458682
2024-03-27,0.0,-0.011558377425044064
2024-03-28,0.00746762784903347,0.005187293557421313
2024-03-29,0.0033155747049569695,0.004691902208488585
2024-04-01,0.0007915537271972226,0.01644390922351513
2024-04-02,-0.002934577408425469,-0.004163364064911801
2024-04-03,-0.00140222982421907,-0.0035970821184801993
2024-04-08,-0.001252773744892588,-0.008798138909131725
2024-04-09,0.0004266215831045472,-0.0008256961155522768
2024-04-10,-0.0023588447146436968,-0.008144921876105382
2024-04-11,0.0008505167791196182,-0.0001341052469392423
2024-04-12,0.0005213958635827853,-0.008104467730520648
2024-04-15,-0.002735703542161272,0.02107116553120969
2024-04-16,-0.0132084041005116,-0.010698547229140987
2024-04-17,0.027427248722223296,0.015462346665299664
2024-04-18,-0.002632751006331887,0.0012340831323274237
2024-04-19,-0.010017298344935095,-0.007882794554316841
2024-04-22,-0.0010864091509473059,-0.003038123365879164
2024-04-23,0.004948199484093327,-0.0069897193350138
2024-04-24,0.005532844496438588,0.004392194443018527
2024-04-25,0.008873806198635864,0.002459095529898203
2024-04-26,0.004357942213098193,0.015293404489162166
2024-04-29,0.0027250291522622895,0.011059434696604864
2024-04-30,-0.001460483951272947,-0.005386447235168679
2024-05-06,0.001791834933993967,0.014840236489392256
2024-05-07,-0.00018741128259361047,0.000308922107887577
2024-05-08,-0.0004381451853818811,-0.007868248515308873
2024-05-09,0.0002959873532676349,0.009459481794491742
2024-05-10,-0.0002933822303717267,0.00046936057807767106
2024-05-13,-0.0005919747065352698,-0.0004336820973848132
2024-05-14,-0.00015066945176865168,-0.0020847602389287845
2024-05-15,-0.00045406074782429197,-0.00847404328625534
2024-05-16,0.00015344376634699082,0.003943674401416519
2024-05-17,0.00015274065331343236,0.010331395796020049
2024-05-20,0.0004561318635751081,0.003531839574548057
2024-05-21,-0.0005999659110277852,-0.004009796909205221
2024-05-22,0.00015274065331343236,0.0022550705083566047
2024-05-23,-0.0007602197726251777,-0.011578390261775762
2024-05-24,0.0009641772123431826,-0.011068732683652827
2024-05-27,-0.00014742359713576885,0.0095044259582171
2024-05-28,-0.001142603434782726,-0.007299812141232431
2024-05-29,0.0009960133886824337,0.0012052632599739432
2024-05-30,-0.0009794736717794,-0.005316146029356372
2024-05-31,-0.0006032966420731774,-0.004003550055504346
2024-06-03,-0.003548553670558593,0.0024665355650406173
2024-06-04,-0.0005071609700346406,0.007501219087425959
2024-06-05,-0.001330658961678325,-0.005774863303343536
2024-06-06,-0.0018617147056215718,-0.0007065781311286212
2024-06-07,0.0032623715171484677,-0.005049759899784179
2024-06-11,0.0014992498716744091,-0.00873783963000585
2024-06-12,-3.816202945826627e-05,0.0003499977419498812
2024-06-13,-0.0025599540113147874,-0.00507601322754303
2024-06-14,0.0008900310650380118,0.004367394282116743
2024-06-17,-0.002082794352488922,-0.0015049992517359723
2024-06-18,0.001544944540497113,0.002655392794525202
2024-06-19,0.0013092012589431049,-0.004749562132113416
2024-06-20,-0.0030359130678376243,-0.0072178533475025786
2024-06-21,-0.0036088236315774147,-0.0021865223447741222
2024-06-24,-0.006756053875786466,-0.005381019676051757
2024-06-25,-0.0010406143832586041,-0.005438893698534009
2024-06-26,0.012160313245221552,0.006466352410422482
2024-06-27,-0.007334983852882574,-0.007510933091205874
2024-06-28,-0.001425336065206799,0.002182900420367506
2024-07-01,0.002866691675752446,0.004772276884500437
2024-07-02,-0.0033147205701181495,-0.0018371677141493237
2024-07-03,-0.00196916697867462,-0.002413740462412828
2024-07-04,-0.0081489700018303,-0.005081696940298697
2024-07-05,0.0020736704099986957,-0.004280561029191943
2024-07-08,-0.01177539851173109,-0.008539634981609145
2024-07-09,0.00666237255595747,0.011185386388222529
2024-07-10,0.0004253590038507634,-0.0031513368470933445
2024-07-11,0.011818488370168892,0.011432004362826209
2024-07-12,-0.0027656325967439603,0.0012196633959695724
2024-07-15,-0.001976810195842229,0.001108743232346443
2024-07-16,-0.0009831725575454814,0.006337288745055902
2024-07-17,-0.0011962762081731823,0.0009433207176097191
2024-07-18,-0.00016049608983511598,0.005526076799616142
2024-07-19,0.0020923678414989763,0.00513784710289622
2024-07-22,-4.573005571150505e-05,-0.006809794801950764
2024-07-23,-0.006674380682389261,-0.02134899229569942
2024-07-24,-0.0026642886451087697,-0.006311266672093252
2024-07-25,0.0005212491374981132,-0.00552927443632123
2024-07-26,0.005055773131602018,0.002947691710278866
2024-07-29,-0.003129040231193897,-0.005441015578023678
2024-07-30,-0.000244506286807152,-0.006299509841509399
2024-07-31,0.01539511754708473,0.02157666989179008
2024-08-01,-0.0025459210034001084,-0.006626807046901884
2024-08-02,-0.0025137124521805226,-0.010201007817458141
2024-08-05,-0.0012746697685484271,-0.012135126270908403
2024-08-06,0.0009480058784499306,-0.0001016953208188287
2024-08-07,-0.00028000861732417154,-0.0004457101149274445
2024-08-08,-0.0004368647930029001,0.0004339381533389197
2024-08-09,8.017511944122077e-05,-0.003383249475013006
2024-08-12,0.0005264718026833185,-0.001731884993231514
2024-08-13,0.0004013941203349451,0.0025647501698808917
2024-08-14,-0.002889658691840639,-0.007542608992949229
2024-08-15,-0.000340663117438532,0.009884444766774303
2024-08-16,-0.001210775358354436,0.001101153518155762
2024-08-19,0.0010770630797578191,0.003389496148707316
2024-08-20,-0.0031045435664248406,-0.007229733956514384
2024-08-21,0.0010687655300464043,-0.003318630539802525
2024-08-22,-0.001308980538138164,-0.0025589768909334287
2024-08-23,0.0018131531046484907,0.004240690100629774
2024-08-26,-0.002555509842561568,-0.0008926451450023132
2024-08-27,-0.0012567668656178097,-0.005682536053570386
2024-08-28,0.00155912830500348,-0.0056968593151062175
2024-08-29,0.001989340154217952,-0.0026837060702875615
2024-08-30,0.002777179131288688,0.013347855800444286
2024-09-02,-0.00192691061154279,-0.016986659360576528
2024-09-03,0.0001412099103156348,0.002578858870263767
2024-09-04,-0.0006715647183518358,-0.006497771450741263
2024-09-05,0.0009857113572843458,0.0017219325002459929
2024-09-06,-0.0005117864189481038,-0.008106797308580216
2024-09-09,-0.0015083035930946993,-0.011883578071084866
2024-09-10,-0.0008404982566682281,0.0008800638907595637
2024-09-11,-0.0014130630449425456,-0.0030133677122187175
2024-09-12,-0.0010497413768587106,-0.004287332908575747
2024-09-13,-0.0020181760755040015,-0.0041671000829006655
2024-09-18,0.001373401520714911,0.0037224024689404
2024-09-19,0.004208269041892776,0.007893384126823833
2024-09-20,-0.0009146666807389351,0.001567564861516102
2024-09-23,0.001894827165713741,0.0036581746614392507
2024-09-24,0.009093610387397026,0.04331166971700329
2024-09-25,5.189958442677513e-05,0.014803500093976352
2024-09-26,0.003562742206291509,0.04227215400128759
2024-09-27,0.003932700797417974,0.04466733609377993
2024-09-30,0.006185492914130598,0.08482644288923447
2024-10-08,0.002214737224329042,0.05929788319623697
2024-10-09,0.0,-0.07051526044970757
2024-10-10,0.0,0.010568809751313246
2024-10-11,0.0014159817026567652,-0.02767028783402825
2024-10-14,0.003887221374797023,0.019080719392257084
2024-10-15,-0.00039012497245846715,-0.02659453619229868
2024-10-16,0.0,-0.006327817240189826
2024-10-17,0.0,-0.011319060755456745
2024-10-18,0.0,0.03616738204222569
2024-10-21,0.0,0.002539978549027655
2024-10-22,0.0,0.00573795486887585
2024-10-23,0.0,0.00389865025342484
2024-10-24,0.0,-0.011169809801143238
2024-10-25,0.0,0.0070224468862232214
2024-10-28,0.0,0.001956314041481999
2024-10-29,0.0,-0.00996680255085558
2024-10-30,0.0,-0.008968952645458939
2024-10-31,0.0,0.0004087981591227585
2024-11-01,-0.00011331432943817502,-0.00026214071302277375
2024-11-04,0.0003742404922866334,0.014071907085310587
2024-11-05,0.003068272837577424,0.025301919508411208
2024-11-06,0.0013086039621216534,-0.005016602506570544
2024-11-07,-0.0004512423077818949,0.03017185682904766
2024-11-08,0.0,-0.010046554261041507
2024-11-11,0.0,0.0065983601564307826
2024-11-12,0.0,-0.010987308557222963
2024-11-13,0.0,0.006155555664335122
2024-11-14,0.0,-0.017336878388864774
2024-11-15,0.0,-0.01752392551774673
2024-11-18,-0.0027934528756315496,-0.004648725191051195
2024-11-19,0.006876174197958035,0.0067107468142304505
2024-11-20,0.0016081757165266903,0.0022329005831189797
2024-11-21,3.1124086200873257e-06,0.0008856507023737858
2024-11-22,-0.01085081495779961,-0.030982879201865043
2024-11-25,-0.0011949489679437578,-0.004555449207129247
2024-11-26,-0.0013676243535105997,-0.0020555652284640624
2024-11-27,0.005250009574428678,0.017410642209479743
2024-11-28,-0.0014599727268338949,-0.008827654695114373
2024-11-29,0.002834135302853211,0.011369769273475994
2024-12-02,0.002321012686936033,0.007927834998902039
2024-12-03,-6.751200671624643e-05,0.0010791284897520015
2024-12-04,-0.0005098277770677049,-0.0053974174382384055
2024-12-05,0.0008036093313456968,-0.0022821175608563893
2024-12-06,0.0011285165726771776,0.013145178358777931
2024-12-09,0.001109236553625427,-0.0016536039505277156
2024-12-10,0.0,0.007328750028361863
2024-12-11,0.0,-0.0017043577499474827
2024-12-12,0.0,0.00994527217254193
2024-12-13,0.0,-0.02366141243639075
2024-12-16,0.0,-0.005425635236627757
2024-12-17,0.0,0.00260491226635029
2024-12-18,0.0,0.005063704255194201
2024-12-19,0.0,0.0009056569310661455
2024-12-20,0.0,-0.004491238030546518
2024-12-23,0.0,0.0014843141348461764
2024-12-24,0.0,0.012741606225388002
2024-12-25,0.0,0.00048698568412697263
2024-12-26,0.0,0.0004641675218222119
2024-12-27,0.0,-0.001617562972102582
2024-12-30,0.0,0.004526466768650428
2024-12-31,0.0,-0.016038809217189143
2025-01-02,-0.001284936115002175,-0.02910104678378911
2025-01-03,-0.00822294518595233,-0.011841691969427304
2025-01-06,0.00021413505099590458,-0.0016396656035770896
2025-01-07,0.009660264457678923,0.007200906348418856
2025-01-08,-0.005104535216854692,-0.0018150158978533781
2025-01-09,0.0024115710704021255,-0.00246488723272853
2025-01-10,-0.005988072209357401,-0.012540080637480577
2025-01-13,-0.0007468901186754318,-0.0026711462620027104
2025-01-14,0.02151917064030957,0.026334381908980742
2025-01-15,-0.0006888515984036376,-0.006415323488302649
2025-01-16,0.0010495214959570435,0.0011459340416171138
2025-01-17,-0.0013233944812186353,0.003147053715681025
2025-01-20,0.005055634029376325,0.004548387604463411
2025-01-21,-0.0015193446133815285,0.0007650769777109989
2025-01-22,-0.001897994746373118,-0.0092861000727964
2025-01-23,0.0007711467445322782,0.0017698089554438745
2025-01-24,0.00015596734926146067,0.007655623149847246
2025-01-27,-0.003156571379256301,-0.004117030102847585
2025-02-05,0.0011231601171375523,-0.005763567962945526
2025-02-06,0.0031746061381764863,0.012582079956153791
2025-02-07,0.0034468259362483607,0.01297741508211403
2025-02-10,0.0007869599698442834,0.002147609628278646
2025-02-11,0.00026296629770909224,-0.004593623271623604
2025-02-12,0.00011864151241156583,0.009456264775413725
2025-02-13,-0.0011169191844734897,-0.0037552361563933934
2025-02-14,-0.00021093552520330778,0.008673184572128179
2025-02-17,0.0025012938482995794,0.0021299768215872206
2025-02-18,0.0002630897724044611,-0.008770329837361257
2025-02-19,0.0001212936631705519,0.00699758228165126
2025-02-20,0.0004971259114821361,-0.0028577519694631404
2025-02-21,-0.00029119072992810725,0.012609127236631101
2025-02-24,0.0016015303624516088,-0.0021918138767960116
2025-02-25,-4.2e-05,-0.011101538647562026
2025-02-26,0.0,0.008734859195292488
2025-02-27,0.0,0.002065687863957555
2025-02-28,0.0,-0.019674304204509885
2025-03-03,-0.0003907916298261118,-0.00040616444518715156
2025-03-04,0.000572143751117471,-0.0008358043137789428
2025-03-05,0.0005156149293959134,0.004465641585289948
2025-03-06,0.0023772430904160182,0.013752475932526487
2025-03-07,-0.0006344489686002047,-0.0030913190301902205
2025-03-10,0.0,-0.0038564810941148497
2025-03-11,0.0,0.0032121767460802086
2025-03-12,0.0,-0.003600225299511317
2025-03-13,0.0,-0.003984997058995798
2025-03-14,0.0,0.024281748040433815
2025-03-17,0.0,-0.0024385008585918744
2025-03-18,0.0,0.0027346945924102695
2025-03-19,0.0,0.0006113201521065204
2025-03-20,0.0,-0.008772695421889964
2025-03-21,0.0,-0.015167333754298795
2025-03-24,0.0,0.005147265435410109
2025-03-25,0.0,-0.0006480551990545314
2025-03-26,0.0004582417875604533,-0.003290695013096645
2025-03-27,-0.0005095332018408987,0.0033296252449379615
2025-03-28,-0.0002503755633450141,-0.004384079991659018
2025-03-31,0.0002774974772956629,-0.00711591067565398
2025-04-01,-0.00023350846468184563,9.518150083209775e-05
2025-04-02,-0.0001931636852271749,-0.0008462630669190396
2025-04-03,-0.0009123162696401417,-0.005892817147608698
2025-04-07,-0.00757383867930479,-0.07045448659847209
2025-04-08,0.006262032202097321,0.01708344477132928
2025-04-09,0.025151726889770517,0.009869177924596517
2025-04-10,0.034564996486597846,0.013108964709137139
2025-04-11,0.020516128532823776,0.004123026837156596
2025-04-14,0.013696220873903394,0.002298347962415903
2025-04-15,-0.004049658868139444,0.0005559782290631698
2025-04-16,-0.02145218593408463,0.0030814387846529456
2025-04-17,-0.003609281333206567,-0.00015903223583435544
2025-04-18,0.006984088532348681,7.952876555461508e-05
2025-04-21,0.03537960413317948,0.0032763245787961193
2025-04-22,-0.005707725842823815,-0.00024571452727706333
2025-04-23,0.015905566024674224,0.0007743231279484508
2025-04-24,-0.002535944686158255,-0.000665455467297571
2025-04-25,0.0030413006050924924,0.0006949655952392941
2025-04-28,-0.002763417579300423,-0.0014180127225051908
2025-04-29,-0.0008177714158808068,-0.0017294175512082566
2025-04-30,0.003445956338591677,-0.001194676669103667
2025-05-06,0.011324357011526164,0.010070095502801912
2025-05-07,0.002245366810341196,0.006062690689870642
2025-05-08,0.00856016649226065,0.00555116229907382
2025-05-09,-0.005275153787832447,-0.00174933167224689
2025-05-12,0.005132528600149767,0.011556981508829667
2025-05-13,0.0032311790435933622,0.0014522144342403731
2025-05-14,-0.0007120383647831333,0.012050017195977647
2025-05-15,-0.0018384538533612103,-0.00913215375290699
2025-05-16,-0.00029910632598738237,-0.004635032760032631
2025-05-19,-0.0001433024030849476,-0.003070126944863749
2025-05-20,-4.720320390611359e-05,0.005421508066492109
2025-05-21,-0.0007703401520080718,0.004671422744518594
2025-05-22,-0.0012851552458797877,-0.0006408979721069796
2025-05-23,-0.0017875011170976488,-0.00807385017897888
2025-05-26,0.0005017374206025845,-0.005708000731530771
2025-05-27,-0.0011363036241172928,-0.0053651320817282855
2025-05-28,-0.0016963418514092377,-0.0008230452674897748
2025-05-29,0.002594981939667599,0.0058546910516548145
2025-05-30,-0.0019583117862602695,-0.004786586155959172
2025-06-03,0.00039937833600606947,0.0030675246013911472
2025-06-04,0.0054943640587426104,0.0043431870633772185
2025-06-05,0.002292311961780681,0.0022798120318243686
2025-06-06,-0.0011660382092457651,-0.0009232610198165458
2025-06-09,0.00010818998160770921,0.0029091528608820028
2025-06-10,-0.00010783996549121506,-0.005091049482015331
2025-06-11,0.00029683902888044987,0.007543713959751397
2025-06-12,0.00017094017094017032,-0.0006239360350021039
2025-06-13,-0.0008286248611745909,-0.007199013411438249
2025-06-16,0.00048046271973764673,0.0024895320611360017
2025-06-17,-0.0003698084307931097,-0.000882854045123671
2025-06-18,-3.550662160537084e-05,0.0011859300637147019
2025-06-19,-0.0010119164417133786,-0.008227160468339045
2025-06-20,0.00027196202539001577,0.0009237358479763369
2025-06-23,-0.0002578711908067466,0.0029272299981282224
2025-06-24,0.0021662640274734634,0.011957282459369223
2025-06-25,0.0003784865058122269,0.014354397891409576
2025-06-26,-0.0002963937316196066,-0.003547917082273866
2025-06-27,-0.00023246048171810714,-0.0061479668121295905
2025-06-30,0.00018123329255583797,0.003651421810615618
2025-07-01,-0.00023282712210655662,0.0016971199772362056
2025-07-02,5.294366793731076e-05,0.0002333390822670811
2025-07-03,0.0001661305181761848,0.006184578870496615
2025-07-04,-0.00015027876711299533,0.003560925084486799
2025-07-07,-0.00015850731398034574,-0.004276530560996417
2025-07-08,0.00036403349108118374,0.008393082768204163
2025-07-09,-6.001680470531697e-05,-0.0017631832335028852
2025-07-10,0.00015031265031265246,0.004665029814100219
2025-07-11,0.00028431196504459245,0.0011945077580659547
2025-07-14,6.676755986824526e-05,0.0007123624779254989
2025-07-15,-0.0005700916588926944,0.00034597167014704944
2025-07-16,0.0002787068004459344,-0.0029509387767289175
2025-07-17,-0.00012699266430609885,0.006810241565182729
2025-07-18,0.0003749362608356603,0.005963579039730105
2025-07-21,0.000148306341579163,0.00666740584691583
2025-07-22,0.0010926057169855878,0.008162795763668074
2025-07-23,-6.2591639503604515e-06,0.00019665158195292243
2025-07-24,0.0,0.007104765557300441
2025-07-25,-2.5333333333333334e-05,-0.005273509052696523
2025-07-28,5.433306166802154e-05,0.002098295195727795
2025-07-29,-0.00046107946840249586,0.0039169983219773385
2025-07-30,8.250825082508258e-05,-0.0001878603667614387
2025-07-31,-0.00016460905349794386,-0.018223470577465872
2025-08-01,-0.00036015804298373497,-0.005069204704104213
2025-08-04,0.0008539267461453873,0.0038890930299659843
2025-08-05,0.0006099042909975427,0.008045299334266787
2025-08-06,0.0001573618389650237,0.002446721661041318
2025-08-07,0.0002903073785041917,0.0002868610352766421
2025-08-08,0.0001324059298016169,-0.002357418699433955
2025-08-11,-0.0002602472348731307,0.004272869229251297
2025-08-12,0.00011657559198542758,0.005171606618298075
2025-08-13,0.00014521164597400827,0.007903316497057
2025-08-14,-0.00017349815658208962,-0.0007829372357286424
2025-08-15,8.720296490081213e-05,0.006958505359055511
2025-08-18,8.697542944118286e-05,0.00881887515318791
2025-08-19,0.0001445817971517401,-0.0037835453518295648
2025-08-20,-9.95829554451938e-05,0.01137243480916883
2025-08-21,0.0,0.0039027016903123712
2025-08-22,0.0,0.020972138980940302
2025-08-25,0.0,0.020835998172681558
2025-08-26,0.0,-0.003721007245112151
2025-08-27,0.0,-0.014926144109383532
2025-08-28,0.0,0.017703533638993685
2025-08-29,0.0,0.007388356953075714
2025-09-01,0.0,0.00599320399576575
2025-09-02,0.0003527793442445835,-0.0073523722785059364
2025-09-03,-0.0005644825090213029,-0.006818915698872052
2025-09-04,-0.0002185796807736124,-0.02121605532049431
2025-09-05,-0.0003889873466438795,0.02178818430270235
2025-09-08,-0.0027788102185461465,0.0016254439143379429
2025-09-09,-0.0015203068447122703,-0.007008284145519683
2025-09-10,-0.000530131515025726,0.0020512774273824252
2025-09-11,0.0013673511192151767,0.023095992225601547
2025-09-12,0.0016149211741216677,-0.005723357145841157
2025-09-15,-0.0011633309862009722,0.002445820433436552
2025-09-16,-0.0010012344181296521,-0.002144246932535676
2025-09-17,-0.0006676532534328575,0.006119371968501319
2025-09-18,-0.000579003848072727,-0.011625965168248209
2025-09-19,0.0005397491736081741,0.0008470224160814777
2025-09-22,-0.0004786072882883797,0.004595816895902161
2025-09-23,-0.0013507839029840874,-0.0006257448685603739
2025-09-24,3.3448854410200735e-05,0.010241648929815161
2025-09-25,-0.0009600274941640989,0.006005164178385369
2025-09-26,-7.19931133336793e-05,-0.00945686177612226
2025-09-29,3.979907180477286e-05,0.015384446324765655
2025-09-30,0.00019388920817936528,0.004467484118137133
2025-10-09,-1.5018847012445929e-05,0.014823226718440496
2025-10-10,0.0037506263063633986,-0.019673084926573603
2025-10-13,0.002094911901362696,-0.004949283382754022
2025-10-14,-0.0021103243577536,-0.011954775597629808
2025-10-15,0.0015028219226835427,0.014811436729190497
2025-10-16,0.0006757269747057179,0.0026333556940618674
2025-10-17,-0.000636108215248643,-0.02255966326146186
2025-10-20,0.002818272466209078,0.0053143060942841824
2025-10-21,0.003682534151356677,0.015347426964757105
2025-10-22,3.5488288609676635e-06,-0.0033204061746534563
2025-10-23,-0.0008831517054656753,0.002998321201418852
2025-10-24,0.002262453303534097,0.011796784431891805
2025-10-27,2.934618406535694e-05,0.011873803822618267
2025-10-28,-0.003436687789702797,-0.005099639102463582
2025-10-29,0.003136432102206066,0.011907578266698193
2025-10-30,-0.0009732748707982747,-0.007988896003235268
2025-10-31,4.268705451360155e-05,-0.014700917851933393
2025-11-03,0.0005677434544063331,0.002743138383035193
2025-11-04,0.0008235106422913807,-0.007456913224738848
2025-11-05,0.0001643433925765117,0.0018533353541041464
2025-11-06,-0.0003727973722334836,0.014293556013709852
2025-11-07,-0.0015255745167546686,-0.003112881919290822
2025-11-10,-0.00021776096537793702,0.0034752574917873424
2025-11-11,-0.0008817558061918936,-0.009133023077496527
2025-11-12,-0.00023843395063969004,-0.001345608608455895
2025-11-13,0.002255600665928581,0.012088051641120812
2025-11-14,-0.0009340994484724943,-0.015722862483969702
2025-11-17,-0.0004835653803759869,-0.006501531932914806
2025-11-18,-0.0003219682326967825,-0.00649405726340524
2025-11-19,-0.0005882832572607243,0.0043999921194171066
2025-11-20,-0.00012248065698697538,-0.005086862425871086
2025-11-21,-0.0015459375947417496,-0.024390190473061124
2025-11-24,0.002747136387642617,-0.0012484254346473156
2025-11-25,0.005211645078637438,0.009521026067602634
2025-11-26,0.001494625206320114,0.006064047746303425
2025-11-27,0.0002920815757274815,-0.0004936216556027384
2025-11-28,0.002901390646250982,0.002493688266820282
2025-12-01,0.00760851534233829,0.011008116359523257
2025-12-02,0.00013721828145595578,-0.004842138844398214
2025-12-03,-0.0009538649630746577,-0.005111619052637795
2025-12-04,-0.00030873936840198534,0.0034252546319284427
2025-12-05,0.003205100018852399,0.008351350578568173
2025-12-08,0.00030196798282089324,0.008116408625510996
2025-12-09,-0.0005487279202725057,-0.005091145129009544
2025-12-10,0.0,-0.0013896681759464347
2025-12-11,-0.0017307200050983781,-0.008634901553411067
2025-12-12,-0.0007567496472402698,0.006320048855712912
2025-12-15,-0.0008997374029367215,-0.00630655213438247
2025-12-16,-0.0015538504259050047,-0.011974798223222116
2025-12-17,0.0010870412474186446,0.01830552189525414
2025-12-18,-0.0011233992065649236,-0.005915002139794123
2025-12-19,0.0005351064516063302,0.003380344799562618
2025-12-22,-0.0004407430395364361,0.009509257516122416
2025-12-23,-0.000954131206540465,0.0019754446376760715
2025-12-24,0.001065004161057248,0.0028848255578666215
2025-12-25,0.0008519652970039093,0.001829928831305505
2025-12-26,-5.040081073312977e-05,0.003166370133590668
2025-12-29,-0.00024698789961472196,-0.003837036528072435
2025-12-30,-0.0004277616599483595,0.0025671589030407116
2025-12-31,-0.0002805553005588601,-0.0045879843827936195
2026-01-05,0.0006125888884219721,0.018965688540240278
2026-01-06,0.0005071820728461389,0.015460759896136933
2026-01-07,-0.00028482911760549203,-0.0029265095424666487
2026-01-08,5.269675651463265e-05,-0.008168870782365167
2026-01-09,0.0,0.004489567612635081
2026-01-12,0.0002630678978244353,0.006514083027241435
2026-01-13,-0.0001572203443125512,-0.006031415973544507
2026-01-14,-0.00031518398865337804,-0.004011736956078704
2026-01-15,-0.00031668118122080515,0.002003403677405702
2026-01-16,-0.0007569237001382394,-0.0041166554068986505
2026-01-19,0.0001288471111892046,0.0005473523152581539
2026-01-20,0.0007985302980830184,-0.00329076600076883
2026-01-21,-0.0010554672388079092,0.0008879225578950489
2026-01-22,-8.400147079630645e-05,0.00013550508461657174
2026-01-23,-0.0006803521286356788,-0.004490114761490416
2026-01-26,-4.397682728566702e-05,0.0009484316852736985
2026-01-27,-0.0006129777017859217,-0.00026981321277441683
2026-01-28,0.0009931934590886031,0.0026138568413984764
2026-01-29,0.003798323977269392,0.007604933456832219
2026-01-30,-0.0006555729801293548,-0.00999816991209257
2026-02-02,-0.00228292387405001,-0.021324426199552216
2026-02-03,-0.00041005338560054695,0.011752113556724009
2026-02-04,0.002271355907992234,0.008276628663272056
2026-02-05,0.00023925022171623382,-0.0060144551235666865
2026-02-06,-0.00021595856926490557,-0.005742524226943102
2026-02-09,-0.0005148233623291236,0.0162503230252391
2026-02-10,-0.0002325789426603479,0.001110390628642044
2026-02-11,0.0001795332136445153,-0.0022183180577017847
2026-02-12,-0.0005132796180244685,0.001221938894569563
2026-02-13,-0.00040899795501022994,-0.012537132541454943
2026-02-24,0.0012466715081094204,0.010112844148905342
2026-02-25,-0.00026139131467949696,0.006022253661147836
2026-02-26,-0.00015506649967197788,-0.0019046050478369603
2026-02-27,0.0002032520325203328,-0.003431446178972619
2026-03-02,0.0007568985040824779,0.0038253744175433813
2026-03-03,-3.0963670114019614e-05,-0.01538910518179537
2026-03-04,-0.0001684177865144495,-0.011443544749672352
2026-03-05,-3.108502030122843e-05,0.00979224876266116
2026-03-06,0.0007243373924977315,0.0027432982836634867
2026-03-09,-0.0013157291201760643,-0.009651449219386876
2026-03-10,0.001448144727440829,0.012848123480649898
2026-03-11,-0.0005719933547190285,0.006361823922511389
2026-03-12,-0.0013102578733926913,-0.003600807737272782
2026-03-13,-0.00021809656934416405,-0.003929549701763846
2026-03-16,0.00015427541862041613,0.000518296731303769
2026-03-17,0.0002084588429283496,-0.007303770046836799
2026-03-18,-0.0002154498240147832,0.0045046404913056115
2026-03-19,-0.0006672352066656802,-0.01611736394802432
2026-03-20,-0.0006345631493297112,-0.0035411552937325563
2026-03-23,-0.0030151356272842167,-0.032629592162942256
2026-03-24,0.007619809193274921,0.012838388411045676
2026-03-25,0.008533958970142556,0.014023223799477957
2026-03-26,-0.0002982668126326365,-0.013210004694246047
2026-03-27,0.006842389221688461,0.0055923690070194265
2026-03-30,-5.5152798548273374e-05,-0.002358652947094586
2026-03-31,0.0004253678822292698,-0.009327797504424473
2026-04-01,0.0053129901472106006,0.017082954124110872
2026-04-02,-0.0028054603065992153,-0.010419635577885389
2026-04-03,-0.003608763194628543,-0.00851099932796151
2026-04-07,0.0009764763782915279,-3.828147694440176e-05
2026-04-08,0.00760669471395384,0.034891524156536846
2026-04-09,-0.002620456552043394,-0.006384423225896385
2026-04-10,0.001195753146770362,0.015406616413575991
2026-04-13,-0.0004357848448947377,0.0020661825444239224
2026-04-14,0.0005504346565213161,0.011865738299452255
2026-04-15,0.0014344161787938885,-0.0034097096960826745
2026-04-16,0.0007423120062713815,0.010962061789658861
2026-04-17,-0.0006843911036496348,-0.0016763043611358608
2026-04-20,-0.00045176048446708233,0.006084163200223314
2026-04-21,0.00011286036000895579,0.0022196811730679222
2026-04-22,-0.0007755171851989706,0.006633808724832324
2026-04-23,-0.0007010300692917971,-0.00277104693486796
2026-04-24,0.0009554013377466086,-0.003543424711626608
2026-04-27,-0.00022253781491069865,0.0003312806513229294
2026-04-28,-0.00026501840732608964,-0.002670327712510079
2026-04-29,0.00035966818696624435,0.010957902236345296
2026-04-30,0.00037316748035147733,-0.0006319706466265673
2026-05-06,0.0011857777300453122,0.014515394264151826
2026-05-07,0.00016353349495890198,0.0048020438417171185
2026-05-08,0.0015137180700094623,-0.005836127260223978
2026-05-11,3.934258402713812e-05,0.016406296503835405
2026-05-12,0.0,-0.0007653720637177397
2026-05-13,0.0,0.010163599801942258
2026-05-14,0.0,-0.016753562182644566
2026-05-15,0.0,-0.011193179505961881
2026-05-18,-0.0007613052065160619,-0.00536465010422682
2026-05-19,0.0009678387868095483,0.00400536255151529
2026-05-20,-0.0010788782138666075,-0.00044921778407880364
2026-05-21,-0.0007899470352121722,-0.013936132929267875
2026-05-22,-0.0009072930047738792,0.0129623047814178
2026-05-25,6.379052278366141e-05,0.015789147798807024
2026-05-26,-0.0006883242817915302,0.005333631339401901
2026-05-27,0.0004030912892236745,-0.008019644896268163
2026-05-28,-0.0021896697555485512,0.0012306012220439921
2026-05-29,0.007915715757399413,-0.004495127395858112
2026-06-01,-0.001222191870983259,-0.009783079728215904
2026-06-02,-0.0023588826859254233,0.014512020411786342
2026-06-03,-0.0007258360534099093,0.0049343176194815985
2026-06-04,-0.005153183965103547,-0.006896398120195046
2026-06-05,-0.00020087469283243774,-0.017907130842550578
2026-06-08,-0.005631178632564426,-0.02144108683557122
2026-06-09,0.0027755048292654083,0.01870528933053861
2026-06-10,0.00029353844560910575,-0.011083320664499463
2026-06-11,-0.0023537696999069383,-0.005513215501864788
2026-06-12,0.015063924311051352,0.011627537634385732
2026-06-15,0.003366171876576917,0.023944387229660302
2026-06-16,0.0001242037145672022,-0.0015291176296224895
2026-06-17,-0.00504206264391727,0.00965556495087272
2026-06-18,-0.006244819601134127,0.0020704101683297615
2026-06-22,0.009135143254340264,0.023891047434029256
2026-06-23,-0.006810388818192882,-0.027723206697683134
2026-06-24,-0.0073988347507021575,0.004803441077044113
2026-06-25,0.00026461129956831063,0.015593705872118724
2026-06-26,-0.004426713633833082,-0.03025437740284065
2026-06-29,-0.0010590044517844177,0.012057795251652514
2026-06-30,-9.716215114614916e-05,0.010657774025151667
2026-07-01,0.004338206569405767,-0.004106895769194652
2026-07-02,-0.00116497451516215,-0.029578663354157375
2026-07-03,0.0037409654408406524,0.006207011200465518
2026-07-06,-0.001197229939905864,-3.510822627050825e-05
2026-07-07,-0.008042711454641971,-0.010272614622056975
2026-07-08,-0.0037397496357655506,-0.007664442246455794
2026-07-09,-0.0005413928476417726,0.02539780003490688
2026-07-10,0.004134539469403964,-0.019588582350178796
2026-07-13,-0.010780732948332511,-0.017865248212115548
2026-07-14,0.004102965084881467,0.02153606310884304
2026-07-15,0.008286993768559488,-0.0020264776399459006
2026-07-16,-0.0008979753313555653,-0.018457083885200398
2026-07-17,-0.002492484351136814,-0.0360396983673269
2026-07-20,-0.0007786507813307397,0.015283389635909916
2026-07-21,0.010131698701103219,0.03064380034447356
2026-07-22,-0.0029135946571635925,-0.004639994260670965
2026-07-23,0.008161153423466313,0.002280994819004345
2026-07-24,0.0031509516529322143,-0.01666878172588837
2026-07-27,0.002174957580295659,0.011451457135544185
2026-07-28,-0.0053686860693981315,-0.028264110257887887
2026-07-29,-0.002049224829861218,0.006727183599152697
2026-07-30,-0.005029271240304675,-0.01098633555494688
2026-07-31,0.0021194246304010607,0.008457663328732323
